SUBURB,avg(PRICE),avg(LAND_AREA),avg(FLOOR_AREA),avg(PROPERTY_AGE),avg(PRICE/FLOOR($/m2)),avg(PRICE/LAND($/m2)),avg(Land/Floor)
Hamilton Hill,500102.5641025641,671.025641025641,136.98717948717947,41.51282051282051,3854.6552146180593,899.351120703826,5.382238510236602
Watermans Bay,1196421.25,647.35,209.0125,26.592105263157894,6203.204544990847,2127.9431746909568,3.5112214447619374
Hazelmere,627307.6923076923,4093.5384615384614,160.65384615384616,37.69230769230769,4309.490785511784,419.78920035627203,27.447816021753326
Piara Waters,518168.2242990654,488.33644859813086,191.39252336448598,7.16,2768.1087892375804,1110.049564169949,2.56157379406751
Canning Vale,589988.3846153846,696.8846153846154,215.40384615384616,18.707482993197278,2787.2473523363146,954.791584541415,3.2019497405232786
Cottesloe,1646283.3333333333,494.82608695652175,187.5072463768116,49.78260869565217,9147.563882727858,4407.588259510805,3.0679147052248257
Gidgegannup,792695.4022988506,73836.6091954023,220.33333333333334,21.05952380952381,3812.2954809007874,31.915932667559993,395.92475653064974
Wilson,576334.0,625.4935064935065,156.7922077922078,29.95774647887324,3891.142944841946,1144.0220659712488,4.345797513707831
Brigadoon,852636.3095238095,23114.333333333332,251.28571428571428,13.282051282051283,3688.7648176956873,38.99857589026107,104.54503097064227
Joondalup,521552.8703703704,589.9166666666666,172.7037037037037,21.952380952380953,3137.79248622918,1119.830675982552,3.6956991526808443
Carabooda,1126750.0,42177.6,223.4,27.5,5165.77046515776,35.92672238380491,199.7497087386912
Port Kennedy,367967.20430107525,624.8064516129032,180.9731182795699,18.466257668711656,2067.1282870711693,604.1505778196524,3.5821155648423804
Guildford,761602.0408163265,745.2993197278912,165.51020408163265,73.95714285714286,4841.005338781522,1263.491080747947,4.5270557745276445
Ascot,803359.1666666666,612.1583333333333,204.69166666666666,21.78813559322034,4131.198385690888,1917.96627048006,3.396062705059008
Hovea,841548.3870967742,21439.58064516129,221.2258064516129,32.87096774193548,4117.966895451533,57.94666968082106,106.75655218630536
Jarrahdale,542201.1363636364,5581.477272727273,184.63636363636363,29.71264367816092,3158.101144380126,280.19679413829465,30.72067446374821
Munster,1030000.0,20000.0,218.0,40.0,4724.770642201835,51.5,91.74311926605505
West Perth,681065.2173913043,222.6086956521739,114.78260869565217,39.17391304347826,5882.520897676627,3669.6276904624747,1.9217405290112357
Woodbridge,613264.7058823529,601.9705882352941,161.89705882352942,46.86538461538461,3968.575406758904,1371.4794272149331,3.9262640208444104
Cockburn Central,492742.42424242425,494.8787878787879,149.63636363636363,13.121212121212121,3594.8113218171707,1635.7338987595883,3.02591226204938
Casuarina,797567.8214285715,13071.785714285714,234.39285714285714,22.962962962962962,3704.2657013113244,78.79396577478973,65.54374193476306
Harrisdale,546854.4362416108,501.4161073825503,202.93288590604027,8.020833333333334,2759.072433000821,1151.9297308415344,2.589736390967441
Peppermint Grove,1798260.0,680.4,208.16,40.82608695652174,9203.518440819269,3215.183194453424,3.4412666911662706
Parmelia,277053.0701754386,684.5087719298245,128.40350877192984,30.846153846153847,2236.9124009485463,416.6999858286384,5.705117033523239
Tapping,488820.70707070705,587.7676767676768,203.1161616161616,12.432584269662922,2450.28051786367,845.7610418136499,2.9758983499437863
Kallaroo,813718.75,746.2430555555555,225.22916666666666,32.319148936170215,3884.530794186264,1180.7348627325136,3.804000214203228
Scarborough,726936.6885245901,379.7049180327869,159.55737704918033,31.933333333333334,4768.356652294588,2228.113951176306,2.4828128085491983
Shelley,958238.0769230769,661.6153846153846,199.73846153846154,31.338709677419356,5028.302557893363,1692.4833410943418,3.4496444759958536
Pickering Brook,998333.3333333334,19504.5,200.33333333333334,28.2,4874.232380563779,142.12572351829894,89.21214265540436
Dalkeith,1951092.3424657534,934.8219178082192,263.986301369863,50.61971830985915,8397.9758031197,2214.159726065632,4.021077067295554
North Beach,1038234.5360824743,494.340206185567,189.7835051546392,28.692307692307693,6006.654420359541,2479.708712297793,3.036231141790576
Warnbro,381915.5779220779,810.4935064935065,163.1883116883117,27.6875,2350.8040205352236,504.7469969782483,4.95926407865881
Midvale,362367.9404761905,772.1190476190476,125.76190476190476,39.40506329113924,3179.932181350834,600.8491202424392,6.550036713988308
Eglinton,391879.7368421053,643.421052631579,164.71052631578948,3.6714285714285713,2474.0824354081988,1026.4263453198112,4.9436720831119025
Banjup,1103590.25,20072.15625,248.90625,23.533333333333335,4761.899944861532,86.74863023164883,89.90806639938101
Bedfordale,748650.234375,9886.625,247.5390625,17.50925925925926,3368.7881538306956,167.97913119056318,50.08108332650629
Dayton,464128.3783783784,834.1621621621622,166.1216216216216,3.3692307692307693,2874.9051710989957,1205.7003672960898,5.2321834239887135
Hocking,500639.34426229505,577.6448087431694,191.224043715847,15.292817679558011,2688.2381578140057,889.7536513041068,3.1410310205798746
Waikiki,380884.05797101447,640.9130434782609,166.06521739130434,23.125925925925927,2335.0901149053857,618.7628553425152,4.156604075083838
Kensington,929288.2739726028,572.5068493150685,177.32876712328766,60.172661870503596,5549.328302822887,1754.9313779925196,3.5369834590542286
Beldon,490010.55555555556,706.1176470588235,136.45751633986927,30.92517006802721,3741.063099258612,700.6294981967329,5.430419388034473
Nollamara,352064.10256410256,327.1794871794872,110.97435897435898,18.641025641025642,3243.544840072715,1278.020995035685,3.0710483888924323
Mount Claremont,1279029.725925926,617.1851851851852,227.11111111111111,25.2406015037594,5981.87626860625,2471.9771398616335,3.0569520879689946
Burns Beach,898548.3181818182,566.9090909090909,277.45454545454544,8.416666666666666,3333.831030388952,1607.0072336451058,2.216538611694409
Heathridge,463023.828125,673.78125,140.4765625,32.0703125,3438.691888824371,771.1976293670909,5.15185306122807
Lockridge,354943.00662251655,595.9867549668874,110.76821192052981,33.691275167785236,3312.682489781495,692.4894918765871,5.653726051276939
Palmyra,680308.1395348837,522.7906976744187,145.1046511627907,37.25316455696203,4932.36117212417,1501.885160427433,3.818424355011113
White Gum Valley,754035.3434343435,533.070707070707,158.68686868686868,39.81318681318681,5024.004693288953,1680.894457443787,3.6378043219300418
Burswood,975228.5714285715,533.7428571428571,202.71428571428572,24.666666666666668,4913.022701230111,2738.931382153721,2.8556452921214657
Orange Grove,846100.0,11842.066666666668,193.13333333333333,37.69230769230769,5287.079400585139,99.8178863889994,76.0532847151744
Mount Hawthorn,993565.4672897196,486.0841121495327,164.37383177570092,61.41904761904762,6403.990374658758,2200.527688510845,3.2908214468420147
Doubleview,836239.5833333334,502.7395833333333,174.63541666666666,34.72527472527472,4967.545367619169,1842.405266093627,3.1031445744142907
St James,552261.4942528736,567.5747126436781,139.91954022988506,40.35,4175.134867677145,1098.7744464904185,4.470184516018746
Brentwood,757967.1052631579,487.14912280701753,170.08771929824562,21.517857142857142,4713.011209459957,1717.6989267533831,3.1377550201236115
Sorrento,1031235.5769230769,1023.625,237.19230769230768,31.387755102040817,4753.859537724334,1452.0971618420563,6.990527623403922
Clarkson,374551.9588235294,962.7,158.5529411764706,15.807453416149068,2434.84121681397,821.0819199672726,7.8662887280608285
Floreat,1476393.7007874015,791.2519685039371,237.6220472440945,45.75806451612903,6597.819439296281,1975.4753776512357,3.703531466512196
Mindarie,725433.4928229665,610.8708133971292,237.96172248803828,18.300970873786408,3104.744208903024,1296.1225843177967,2.654644300840851
Redcliffe,465941.72185430466,503.682119205298,148.58940397350995,22.824817518248175,3275.4678019790686,1037.4798688799904,3.533457010592692
Oakford,835467.7419354839,18297.139784946237,261.93548387096774,16.46153846153846,3667.7596605650483,63.767584434815475,87.64903464851098
Cardup,747255.5555555555,16122.177777777777,230.2,14.95,3412.819052481687,62.90996629775622,74.09717369747142
Booragoon,893440.2173913043,647.0869565217391,199.08695652173913,34.37362637362637,4689.321844646883,1612.5354151253364,3.4028090609779094
Whitby,437500.0,483.0,187.75,1.0,2337.6014672089786,909.0754357298475,2.577151993496013
Glendalough,480360.0,1405.64,106.2,27.208333333333332,4443.065071505417,2197.832964795891,22.172535613293107
Chidlow,539113.9240506329,13729.683544303798,161.32911392405063,29.239436619718308,3686.2356793974654,136.36288641522535,95.07336619008298
Jindalee,610807.3394495413,509.0091743119266,222.8348623853211,7.176470588235294,2800.090258666129,1258.8913832583742,2.3078616540656274
Mardella,829000.0,47751.61111111111,244.72222222222223,23.38888888888889,4134.310670092674,132.87918038707582,252.52030549813148
Spearwood,501019.48051948054,572.6883116883117,163.5974025974026,27.458333333333332,3265.9000085727794,1141.424010821149,3.68027294607885
Shoalwater,479005.28301886795,590.4150943396227,167.56603773584905,28.346534653465348,3108.7373522484236,1003.9303320571573,3.8640885396179327
Lynwood,428731.4285714286,663.1714285714286,131.7904761904762,35.35294117647059,3393.5613542356796,876.0578610821088,5.410672297873662
Mahogany Creek,609512.1951219512,4390.195121951219,194.78048780487805,35.575,3336.7910999892197,225.33951095329874,22.816668834756662
Jandabup,1043600.0,27567.6,220.0,27.4,4940.572546680987,43.87033309354928,144.9988866722529
Roleystone,605486.4406779661,5500.177966101695,219.1864406779661,27.205357142857142,2896.503091067502,244.59693487590275,25.412660226198224
Mount Pleasant,1209374.611111111,549.6203703703703,234.41666666666666,28.72222222222222,5561.5359077366475,2291.681317810833,2.652535325332473
O'Connor,552600.0,372.8,150.2,19.0,3801.668004728097,1886.848680879552,2.5433439287664754
Ardross,1072145.3223140496,536.1487603305785,208.6611570247934,25.73913043478261,5515.4975143345,2185.5140199281877,2.928942146465085
Dianella,678584.4594594594,610.2972972972973,207.74324324324326,30.455882352941178,3510.2514143478393,1206.8238836945404,3.3423240920483255
North Fremantle,1223992.957746479,545.0,195.38028169014083,38.03076923076923,6553.975950610014,3426.111905543302,3.081268555619644
Forrestfield,420805.0847457627,841.1610169491526,155.8728813559322,27.23931623931624,2788.208588876211,673.0417233260038,5.392739553082499
Neerabup,1112500.0,29556.5,261.0,28.0,4631.503973609237,42.574479112879644,141.3860398860399
Mount Richon,528050.9917355372,1724.3305785123966,193.6611570247934,25.843478260869563,2912.2003065735507,451.7772065046015,9.255419423573485
Subiaco,1271129.0615384616,432.0153846153846,186.73846153846154,59.75,7096.242634593817,3656.5648982610182,2.8307361809792275
Darling Downs,832555.5555555555,13122.722222222223,239.66666666666666,17.543478260869566,3656.5135942956517,166.53926682702294,61.44033895282892
Samson,598900.6849315069,922.6712328767123,172.3013698630137,33.142857142857146,3583.1432905985985,825.8763627080897,6.164371328396818
Merriwa,333189.2718446602,568.0825242718447,140.05825242718447,17.97029702970297,2458.2897292739153,603.8126020086258,4.212324530117207
Karnup,533065.195652174,11110.95652173913,199.80434782608697,8.5,2807.627577635972,429.69407699496367,56.10488154300417
Karragullen,624107.1428571428,22317.928571428572,198.78571428571428,35.46153846153846,3161.6571073495256,141.22378374605572,76.54890462927452
Woodvale,645354.9292929292,676.070707070707,205.97979797979798,25.554347826086957,3243.892341467796,984.3043856480871,3.4380642993049486
Herne Hill,603719.5652173914,13164.91304347826,156.41304347826087,38.43478260869565,3928.5758096039963,266.13246618792806,74.01755270543957
Maddington,344360.4651162791,945.5930232558139,136.97674418604652,29.156626506024097,2667.235203603246,600.7227519335904,8.788704797131055
West Leederville,1273288.4615384615,416.96153846153845,183.57692307692307,57.21739130434783,7181.596029414839,3251.9333034887477,2.435461931706009
North Coogee,1160017.0212765958,392.0425531914894,282.17021276595744,6.024390243902439,4315.913645870744,3158.2725376989483,1.4021283360507968
Martin,557137.9310344828,6544.6551724137935,192.22413793103448,27.254545454545454,3229.397525262152,360.33009927347734,33.10068905967418
Ballajura,420807.3768115942,645.036231884058,161.3985507246377,26.68217054263566,2686.575533428382,679.2893545144584,4.19681244364717
Melville,795250.0,576.6603773584906,177.1509433962264,36.44761904761905,4662.19440223096,1566.5344740146845,3.5311537990369244
Kardinya,667850.671641791,676.9850746268656,191.98507462686567,30.8125,3579.88546147669,1054.437714918009,3.6762401577363666
Gnangara,1185533.3333333333,11809.166666666666,279.2,18.03448275862069,4576.901963877105,108.9780422120493,50.16164596602896
Success,530258.7719298246,577.421052631579,198.50877192982455,13.75,2724.1455895535455,949.1364780298402,2.9804807528378925
Crawley,955800.0,335.15,140.9,39.8,6919.196351927884,3848.5879381379127,2.29066219800485
Swan View,435246.05154639174,989.8453608247422,169.71134020618555,33.235955056179776,2710.6566973451595,528.7636602668554,6.017381635229827
Cooloongup,287516.2878787879,676.6439393939394,138.28787878787878,31.223076923076924,2159.271119400076,442.8890697580677,5.179872627364313
Beeliar,536281.1728395062,607.1975308641976,185.72222222222223,13.881118881118882,3037.5438352554925,979.6851197411446,3.410138506595559
Thornlie,405826.7326732673,681.5544554455446,163.1089108910891,31.693877551020407,2570.5706554194076,639.6276335232081,4.545652330712427
Serpentine,651798.319327731,19421.47899159664,199.39495798319328,19.943181818181817,3424.649794567215,136.44997126759966,95.59171071813218
Tuart Hill,533311.1111111111,384.5111111111111,139.04444444444445,28.795454545454547,3986.167772528715,1732.3828756549951,2.891735709181219
Coolbinia,1217831.3953488371,763.0813953488372,229.11627906976744,47.53012048192771,5646.767526430092,1752.5756283571848,3.7545325085121775
Jolimont,1077664.7727272727,433.77272727272725,185.54545454545453,37.54545454545455,6195.151531442749,2882.556174910981,2.512121995011588
Riverton,667357.8842105264,578.0315789473684,168.96842105263158,28.522222222222222,4271.873205697403,1296.8593049979152,3.778859926513844
Baskerville,1273333.3333333333,44847.11111111111,261.8888888888889,23.666666666666668,5182.240609959608,82.41534433074678,195.09324864778657
Osborne Park,499711.1111111111,472.4,127.64444444444445,29.476190476190474,4192.100434811146,1784.6609774050364,4.420666183058364
Cannington,430695.0,506.4761904761905,129.92857142857142,24.746835443037973,3483.514582430517,1213.2807361599941,4.525806228001531
Anketell,1092916.6666666667,22461.0,289.4166666666667,17.416666666666668,4172.270946131167,49.57746336696681,89.01235786737838
The Vines,663317.8125,1755.375,250.35625,15.863013698630137,2737.829161077793,668.0173417452457,6.955487170475854
Craigie,448367.02127659577,767.5106382978723,125.92553191489361,38.10227272727273,3716.5472110560518,729.7965586137741,6.820320898841282
Hopeland,811857.1428571428,139988.7142857143,191.28571428571428,30.142857142857142,4635.507261754613,6.772302292867534,792.4612621037035
Kewdale,515815.29411764705,526.1647058823529,158.3294117647059,27.585365853658537,3452.971261350112,1279.988277143955,3.5866906773001586
Yanchep,398192.3728813559,541.2966101694915,182.78813559322035,11.323529411764707,2205.488787753338,799.9058969470481,3.0423942642835495
Woodlands,1094152.505263158,615.6105263157895,217.68421052631578,29.925531914893618,5350.603752740204,1945.9986730213654,3.0695551011414435
Pearsall,488438.3561643836,483.73972602739724,177.36301369863014,9.264705882352942,2872.374502050278,1107.5018903507917,2.7322232121866064
Shenton Park,1269592.303030303,433.020202020202,174.6060606060606,60.0,7567.933692995867,3103.4666670257734,2.6480560846993977
Rockingham,430631.47191011236,575.5280898876405,170.4943820224719,28.160919540229884,2590.9455198491473,934.9877158375797,3.66373362540682
Churchlands,1313734.8484848484,559.1666666666666,262.43939393939394,18.264462809917354,5232.984399640233,2840.980276173598,2.1833425957858514
Bull Creek,810097.7011494252,690.1034482758621,203.51724137931035,35.16470588235294,4170.490963963686,1221.8875584211414,3.652906392630066
Brookdale,301784.1408450704,562.9507042253521,132.92253521126761,13.3046875,2342.132281942476,572.5591243486689,4.509306569546635
Parkerville,622265.0442477876,8332.362831858407,186.8053097345133,27.601941747572816,3529.2708362673166,201.96468787553334,43.39328879441006
Wanneroo,525354.5611510791,1336.5035971223022,182.13669064748203,27.568,2864.598271724353,694.6656161753746,6.719985442833093
Karawara,714616.911392405,620.5949367088608,184.9367088607595,23.960526315789473,4207.551079438543,1199.416244915828,3.989278699535768
Queens Park,471695.0,495.01,152.13,17.083333333333332,3231.2008081364347,1081.1031189525763,3.494887930799948
Bassendean,546484.1578947369,596.6210526315789,145.34736842105264,40.13333333333333,3825.897249815478,1127.4913162804767,4.12799123105505
Daglish,1089075.4716981133,625.7547169811321,168.83018867924528,55.32692307692308,6873.4701029230955,2113.2179922186297,4.114990577309061
South Lake,439966.1644736842,652.0394736842105,150.6184210526316,24.291970802919707,3160.352826043182,720.7429842151165,4.732632998340817
Inglewood,824133.9130434783,450.90434782608696,161.75652173913045,50.663716814159294,5353.219744023481,2109.721840714539,2.99413459114578
Baldivis,419363.4259259259,1434.148148148148,189.57407407407408,10.717391304347826,2248.3021473912604,757.696316464947,8.060793195934995
Mount Helena,560949.0445859872,10337.649681528663,180.94904458598725,27.37908496732026,3315.366702194453,194.94389813059456,62.69560815282549
Kelmscott,371619.4690265487,1699.1238938053098,154.5486725663717,34.123893805309734,2447.850180192956,542.487421813698,10.99573259413848
Alfred Cove,840086.5666666667,542.25,183.25833333333333,26.76068376068376,4799.624780857619,1698.0187114612245,3.153735999054277
Leeming,711187.3786407767,712.9902912621359,208.2135922330097,31.46078431372549,3518.188228789539,1055.062080292307,3.539432093813495
Beechboro,385165.4205607477,704.2056074766355,128.18691588785046,31.601941747572816,3113.8059262594606,565.9571518197366,5.81276778771608
Ridgewood,405097.311827957,529.0967741935484,172.9731182795699,10.333333333333334,2430.970717646754,819.5470381248787,3.126675420283922
South Perth,1204364.5833333333,876.625,202.75,48.979166666666664,6033.213607649764,2651.0412046015467,6.503325276536202
Bedford,660490.0574712644,578.528735632184,165.70114942528735,40.91860465116279,4336.808665783848,1279.8965279831089,3.846483388646845
Madeley,588321.9030303031,534.4666666666667,209.75757575757575,11.693251533742332,2904.1832232602296,1147.3069285736015,2.6379253725910146
Currambine,543432.584269663,666.1348314606741,186.57303370786516,19.662576687116566,3007.791191661901,992.5178314635317,4.096197678256525
Singleton,456052.2375,759.9,191.875,18.986754966887418,2510.8377789732576,631.029263788252,4.4158572482385425
Girrawheen,318997.87234042556,714.6489361702128,112.64893617021276,41.68478260869565,2974.592769421042,519.6613412066217,6.908447644971068
Ocean Reef,794405.0458715596,751.4311926605504,234.6880733944954,26.31,3481.3609284232534,1082.364569158281,3.363690121286354
Mullaloo,741376.8656716418,732.0149253731344,191.1865671641791,31.721804511278197,4059.4377560484077,1073.9359621649344,4.1777772433209215
Winthrop,921266.7228915662,746.6385542168674,246.85542168674698,26.328767123287673,3805.0823785196535,1244.4330548657865,3.1611735332744795
Carmel,819761.9047619047,20369.95238095238,230.14285714285714,33.5,3648.701058010937,217.61566621661174,85.02967144490802
Bennett Springs,495591.7251184834,803.1516587677725,178.0995260663507,12.7,2852.156148112232,880.151895081881,4.711012089329917
Boya,572070.2127659575,2079.595744680851,164.7872340425532,38.733333333333334,3598.377485848366,306.2250779861389,13.462329350280397
Morley,462455.22388059704,613.7313432835821,147.8507462686567,40.015625,3280.8589656479962,931.4970615721977,4.485818985739862
Westminster,367070.0,429.16,128.22,26.448979591836736,2965.0444266517193,1055.8066293406457,3.553952051479003
Yokine,625320.4629629629,427.14814814814815,163.94444444444446,24.607843137254903,3878.430641986725,1699.129624906516,2.726519995867017
Gosnells,299551.724137931,699.183908045977,132.9655172413793,32.7037037037037,2323.8319268754017,485.6659854675919,5.505186488989906
Wungong,765041.1111111111,13138.111111111111,217.88888888888889,33.333333333333336,3637.7249982374965,59.83938303802923,62.937984272841646
Banksia Grove,382368.0722891566,491.17469879518075,161.33734939759037,9.153846153846153,2443.020465936152,869.22600337759,3.084463501718224
Padbury,546701.052631579,731.1789473684211,149.22105263157894,37.42168674698795,3816.0298821214037,797.5166555541788,5.410528863136799
North Lake,690833.3333333334,692.6166666666667,215.88333333333333,23.681818181818183,3327.3774688367785,1031.7824912681488,3.5024431757289416
Camillo,300934.6153846154,682.0923076923077,126.20769230769231,34.7479674796748,2466.150221389818,497.1874849818171,5.656566883274128
Bibra Lake,544325.8507462686,623.776119402985,175.53731343283582,24.934426229508198,3270.4821337635562,1026.6548550526084,3.6636158267040404
Greenwood,512792.3728813559,681.8983050847457,157.0084745762712,41.15652173913043,3423.1214627330482,912.293095407678,4.526737552555957
Mariginiup,1179500.0,18896.5,259.8421052631579,23.485714285714284,4952.248282566673,88.6202928132072,84.14818391252325
Carlisle,543074.358974359,483.85897435897436,143.48717948717947,32.01298701298701,4042.585191194997,1260.767612238278,3.684334921559091
Brabham,432820.65079365077,530.6190476190476,171.93650793650792,4.608695652173913,2549.2976379258935,1040.4235525371093,2.8163289035250845
Coolbellup,477543.47826086957,641.2282608695652,129.5326086956522,39.21590909090909,3936.5152465792894,830.9373370021857,5.48048489454602
Byford,423198.3606557377,808.4016393442623,196.99180327868854,9.68695652173913,2169.7685762469373,707.5899920154482,3.888729955196475
Willagee,578239.4736842106,598.5578947368421,157.6,33.49425287356322,4013.398025889205,1044.212292723994,4.352345242172944
Joondanna,624365.6626506024,439.90361445783134,154.59036144578315,35.41975308641975,4262.686740160609,1757.4756094210122,2.9965133540399447
Koondoola,385320.11188811186,717.3426573426574,114.81818181818181,36.919117647058826,3483.896610217175,545.2295792719743,6.505117504770693
Hope Valley,785000.0,14843.0,144.5,32.0,6128.852102188108,57.219104893660955,105.57503723221446
Noranda,582302.8846153846,693.3076923076923,205.54807692307693,31.717171717171716,2941.1130526126776,913.7032509464239,3.5425026878145847
Coogee,790131.2977099237,659.824427480916,240.57251908396947,20.632,3498.461483428683,1263.3530656839525,3.021574034335982
Kinross,500355.1724137931,626.3862068965517,181.18620689655174,20.273504273504273,2810.075238400833,813.097213237217,3.5284553062262245
Mount Lawley,1048551.282051282,537.9230769230769,170.65384615384616,66.64,6223.71044507079,2395.3171470760135,3.111432282348988
Highgate,790883.0263157894,699.921052631579,124.92105263157895,52.18421052631579,6509.799235308963,3003.4766382768194,7.527580312001322
Golden Bay,415339.5061728395,831.1604938271605,172.679012345679,18.61111111111111,2444.5722956245504,640.9622408100603,4.873755502023817
Keysbrook,1027000.0,143887.2,201.8,52.6,5280.435845981013,20.587322487343023,616.7699678185642
Fremantle,859845.0704225352,390.88732394366195,161.5211267605634,53.865671641791046,5662.5228020433115,2427.9811100844963,2.624325668820019
Bickley,990884.6153846154,22654.46153846154,226.34615384615384,41.76,4525.220435138259,163.50520920302304,96.87323086177982
Trigg,1220422.4852941176,724.5808823529412,199.4558823529412,36.08064516129032,6659.077766729191,2146.155962310127,4.186045059701288
Medina,271981.13445378153,762.8319327731092,105.26050420168067,53.24786324786325,2685.539543402785,384.3131060019007,7.789023151137606
Hillarys,930758.4507042253,643.3732394366198,231.95774647887325,26.3,4152.891828055322,1596.1372818381958,3.1063001872531935
Northbridge,721636.3636363636,548.0909090909091,141.63636363636363,42.81818181818182,5248.745508082067,2427.797816773372,4.716348566330979
Wellard,454203.0,3751.835164835165,193.65934065934067,11.08235294117647,2352.4004504554755,655.5634208910349,16.380528395051744
Ashfield,513697.67441860464,629.3953488372093,145.4418604651163,30.064935064935064,3827.726888648797,889.4888865677572,4.713226328380295
East Cannington,507159.2477876106,765.433628318584,170.36283185840708,23.54054054054054,3174.057937515142,943.9280921527067,4.7100242999033455
Mosman Park,1398858.9108910891,568.8217821782179,210.20792079207922,42.214285714285715,7016.06716798215,2654.0595485069985,2.933191119627027
Bayswater,607954.5625,565.6979166666666,157.51041666666666,42.483870967741936,4181.261281398267,1212.8305326014518,4.10932033003346
Quinns Rocks,504741.987654321,647.5432098765432,177.74074074074073,21.55862068965517,2908.940866240629,814.9078283221547,3.9419290866480177
Duncraig,713762.3655913979,710.0,195.91397849462365,36.81521739130435,3875.871324208647,1037.896740294913,4.094581749215501
Mount Nasura,479858.14814814815,1361.7259259259258,173.8740740740741,33.666666666666664,2871.6992476804166,494.8050961537422,7.866675436289377
Seville Grove,337000.0,603.7583333333333,154.60833333333332,17.72897196261682,2263.3373066440863,582.4852619052527,4.182268765370371
Alexander Heights,453285.15625,627.703125,168.8828125,24.434782608695652,2809.8769419500545,740.0049492635824,4.009197588458678
Two Rocks,481004.1647058824,3118.8,190.63529411764705,23.105263157894736,2721.8556463217183,443.7111598933549,13.267668695846712
Calista,298482.6923076923,747.5192307692307,114.89423076923077,43.916666666666664,2688.2357252572338,439.59192699224707,6.917263149666368
Jane Brook,506568.1641791045,689.681592039801,194.91044776119404,14.575,2681.9998139078307,762.1946659123716,3.6767306226674954
Mundijong,428308.9393939394,2272.257575757576,146.33333333333334,33.333333333333336,3080.0981832906587,337.2996784239413,15.751932526738408
North Perth,849586.6666666666,402.6,146.78666666666666,60.42028985507246,6060.451333151283,2378.14271082642,2.9555341392850947
Millendon,935636.3636363636,31514.545454545456,206.27272727272728,39.09090909090909,4810.485898032733,34.961708612950005,154.58059428216023
Marmion,1024528.5714285715,693.2190476190476,225.1238095238095,27.990291262135923,4839.513491517147,1700.6471961722384,3.350854210033572
Hammond Park,528643.679245283,724.5943396226415,198.46226415094338,9.601941747572816,2715.5307297169657,1051.1620349502562,3.921216198148761
Belmont,505116.58904109587,590.6849315068494,156.6027397260274,33.2,3502.0123251258765,1092.3533109829539,4.409277674181506
High Wycombe,435423.7804878049,675.939024390244,161.9268292682927,24.70440251572327,2786.36797800214,692.0028855216584,4.571288742757508
Balcatta,524628.1690140845,609.3098591549295,152.94366197183098,27.985294117647058,3651.5755281227903,1323.077003802215,4.308867416262383
Treeby,595000.0,400.5,229.0,3.0,2698.4790571747094,1490.0967151913005,1.8000875935658542
Jandakot,737267.3944444444,1988.3222222222223,250.88888888888889,16.24550898203593,3019.8291816972055,1040.350534490528,7.791140800259839
Hamersley,560256.652892562,740.099173553719,165.10743801652893,40.773109243697476,3540.7123119856847,793.1107098438861,4.784933629569586
Willetton,708481.7704918033,719.2131147540983,173.27868852459017,37.20338983050848,4304.6546779659775,989.0184282087816,4.458406100827617
Attadale,1192734.7105263157,659.7631578947369,228.09649122807016,33.839285714285715,5545.656195899521,1985.5992470292222,3.0990142434342958
Atwell,542581.7846153846,594.1589743589743,191.12307692307692,16.46590909090909,2929.5281499778434,967.5734941051265,3.2037932458956724
Hillman,313948.5981308411,728.5607476635514,131.19626168224298,38.056603773584904,2489.0267315102997,435.84293413101346,5.817943228157895
Safety Bay,446946.07843137253,738.156862745098,168.00980392156862,35.33684210526316,2755.614684782143,626.4284907385888,4.753675078017998
Sawyers Valley,580888.679245283,11644.566037735849,169.18867924528303,32.18867924528302,3626.853517430216,134.71478870738235,79.96749555868949
Stoneville,613209.0163934426,10259.803278688525,188.1639344262295,27.951923076923077,3436.997729858974,157.91277872159384,52.11048733658441
Cloverdale,438314.28571428574,652.6285714285714,142.88571428571427,32.38235294117647,3352.611748076149,787.0105231687444,5.122207412903625
Beckenham,405862.6857142857,726.1714285714286,141.92857142857142,34.67164179104478,3030.6770000078664,637.3205739603459,5.3921089507107585
Koongamia,339799.224137931,709.8965517241379,112.15517241379311,45.5,3306.386787435928,486.9671473127467,6.880837944586026
Kiara,445764.367816092,578.3448275862069,150.2528735632184,22.238095238095237,3115.6108375832905,798.5360198056762,4.0391941947408725
Karrinyup,959109.9137931034,611.5603448275862,218.47413793103448,29.42608695652174,4605.519027192701,1753.3958095341188,3.1411991110515713
Aveley,440986.4864864865,524.2162162162163,197.90540540540542,8.838461538461539,2279.541173045337,906.3826958292902,2.69848619259736
Haynes,235914.14141414143,953.6262626262626,165.86868686868686,1.1313131313131313,1421.2005620076914,491.49175449945164,5.182972405007851
Eden Hill,467236.7346938776,828.0204081632653,143.78571428571428,36.760416666666664,3454.1781508055183,834.715086828131,6.417803854057464
Yangebup,473640.1515151515,647.7121212121212,161.71212121212122,24.19298245614035,3093.6615915569387,783.6150979994692,4.47259032976088
Maida Vale,589742.7777777778,2001.6166666666666,180.2,23.714285714285715,3349.172959612273,647.3335582535241,10.548840681191464
Ashby,483321.62921348313,510.938202247191,176.7808988764045,8.896969696969697,2858.2984752420098,1026.493653825702,2.9127596453888933
Wembley Downs,1083927.5726495727,630.7008547008547,210.76923076923077,29.74774774774775,5405.714207640583,1894.532142697352,3.2524764322511777
Mirrabooka,399135.41007194243,636.7625899280575,131.71942446043167,26.296296296296298,3220.6913134029924,689.8690085002298,5.280010976363074
Upper Swan,577312.5625,7471.5,198.3125,42.214285714285715,3035.191552245589,181.7790587169601,30.23970635742756
Connolly,705674.0,715.68,220.064,24.65811965811966,3548.7034271187576,1116.9084008263258,3.7043146287109883
West Swan,1045675.0,14303.45,254.6,34.94444444444444,4337.310743832071,141.3971624867559,59.25780359877691
Wandi,554953.6082474227,3752.6082474226805,190.11340206185568,5.5,2940.8901130948684,1045.4121765788218,16.02168723482583
Menora,1200050.0,807.3111111111111,220.92222222222222,57.46511627906977,5583.871672584699,1596.64424149723,3.94761626644441
Southern River,574922.3007518797,609.4962406015038,223.0300751879699,10.446280991735538,2639.252150191382,1035.5169799500231,2.858015149936236
Henley Brook,634958.2176470588,4880.588235294118,207.73529411764707,15.21301775147929,3059.828143137113,661.3069669179297,21.59938496366717
Bicton,1083594.3766233767,612.1038961038961,191.7792207792208,34.05263157894737,5899.900546269359,2029.3375378458318,3.5078942910207114
Wembley,1093500.0,566.9242424242424,183.3181818181818,52.79661016949152,6122.515306185336,2121.1894791671566,3.3078090777551035
Butler,383239.1304347826,473.512077294686,168.90821256038646,11.83248730964467,2316.5684268730965,864.3584657054658,2.801566222331381
Carine,807780.0847457628,706.3983050847457,199.61016949152543,34.54782608695652,4240.958363277726,1239.4239800918913,3.796691339221929
Wangara,1375000.0,1320.0,830.0,1.0,1656.6265060240964,1041.6666666666667,1.5903614457831325
Parkwood,476788.7155172414,725.8189655172414,140.91379310344828,35.43518518518518,3545.551618435687,893.3405080986319,5.676467038296795
Carramar,524224.85576923075,808.4471153846154,206.20673076923077,14.271186440677965,2562.2266736499496,821.821716930449,3.7114305462085326
Secret Harbour,485088.83248730964,648.6497461928934,215.94416243654823,14.65,2257.2089546766733,774.7166823109727,3.0776621028508835
Gwelup,863702.1857923497,540.8360655737705,220.9016393442623,17.211111111111112,4074.870019313114,1716.5682929168781,2.6745713838371894
Stratton,345232.593220339,516.8926553672317,122.20338983050847,21.52238805970149,2887.2997010002277,677.6160800528601,4.315066106483443
Langford,409908.45070422534,614.8098591549295,131.61267605633802,28.347517730496453,3275.811570574381,744.6193793313489,5.134627880468439
Kingsley,583094.1176470588,685.8117647058823,178.2235294117647,34.6125,3390.7989908628438,908.7555828946403,4.030663933706826
East Perth,510181.8181818182,190.8181818181818,112.36363636363636,23.454545454545453,4524.132371470353,3179.217510049097,1.5765173036356293
Lathlain,726986.1111111111,609.6805555555555,174.38888888888889,36.507246376811594,4611.825860383233,1330.3761711503034,4.083827812323093
Glen Forrest,631721.582733813,4043.4892086330933,182.73381294964028,34.7734375,3577.894425326612,260.7917470667923,21.0132992773535
City Beach,1654765.2692307692,860.0384615384615,263.63461538461536,40.317241379310346,6906.402662777882,2092.4599602589983,3.6910128570168697
Caversham,489055.94405594404,1146.5944055944055,177.0909090909091,11.049180327868852,2838.480194178046,922.0975896413485,6.613064641525743
Armadale,246611.11111111112,634.2857142857143,113.34920634920636,38.47457627118644,2249.167254833682,499.3605942267764,5.869120104347805
Ferndale,460006.25,868.725,143.56666666666666,37.43333333333333,3448.5429458709764,806.3907158383547,7.238122162574957
Manning,839030.2185430464,581.476821192053,186.71523178807948,24.395833333333332,4681.32606624121,1523.6201076508232,3.4054817802709336
Champion Lakes,460750.0,2572.1739130434785,188.65217391304347,4.404761904761905,2472.149066185203,883.0821439997341,12.700811822449767
Bellevue,376581.27906976745,737.1627906976744,117.95348837209302,39.71084337349398,3521.1863413251353,549.4552131637456,6.957143539720944
Bertram,381613.41991341993,533.3116883116883,169.76190476190476,11.023148148148149,2292.6402852452006,749.4731253992024,3.1530445388937887
Iluka,894611.7924528302,645.5801886792453,273.64150943396226,14.70673076923077,3306.29498122613,1428.7602881876594,2.4430034226348627
Hilbert,463561.36363636365,1157.465909090909,189.8409090909091,5.153846153846154,2454.172853253043,767.4941810069795,6.155642339072792
Huntingdale,400517.5135135135,639.1837837837838,151.52972972972972,24.445652173913043,2736.5950073004024,651.0701349547212,4.4753402712092525
South Fremantle,1092535.4747474748,409.44444444444446,170.15151515151516,53.7032967032967,6790.010452148568,2922.6104806863405,2.5920144931524582
Wattleup,931285.7142857143,13232.42857142857,213.42857142857142,27.0,4717.587366787083,129.6537241089603,76.93806760570233
Helena Valley,609165.6804733728,1720.3254437869823,207.44970414201183,19.76219512195122,3062.103330575095,754.7786304436593,8.178048714471487
Rivervale,592584.9206349206,626.5238095238095,158.38095238095238,37.42372881355932,3940.9485238931047,1051.3167351451273,4.42286202302965
Bateman,801316.9491525424,690.9915254237288,190.98305084745763,31.227272727272727,4391.973931779111,1272.279976588238,3.9552959246005788
Walliston,601879.3103448276,2765.6206896551726,178.06896551724137,35.392857142857146,3648.079149142517,425.0109401534747,17.17175865790145
Alkimos,413749.8070175439,407.79824561403507,180.96491228070175,5.59,2349.67084389991,1052.9757519360996,2.2944105673283532
Claremont,1282131.5555555555,502.5238095238095,192.84126984126985,37.81666666666667,7059.153204560503,3036.034155094748,3.142873573811114
Viveash,490196.0227272727,619.7272727272727,160.88636363636363,22.394736842105264,3125.4296893389983,963.9741640010157,3.962118957994005
Applecross,1376689.8734177216,589.9113924050633,232.65822784810126,29.487179487179485,6408.050428100929,2699.8923125968104,2.868348440684276
Myaree,684020.618556701,701.1340206185567,148.0,30.30851063829787,4959.8269301606415,1572.8312285773031,6.10650995395191
Bentley,457648.76543209876,426.30864197530866,131.37037037037038,27.54054054054054,3572.7167538502376,1371.2600268093026,3.300198841868464
Aubin Grove,570786.5185185185,541.074074074074,203.87654320987653,8.478571428571428,2853.7862204524804,1084.734209153358,2.6850795364010516
Belhus,980615.3846153846,15035.923076923076,236.3846153846154,22.833333333333332,4383.245526830345,76.47830023847943,64.472845069558
Murdoch,732236.4666666667,636.3,195.96666666666667,25.847457627118644,3869.0237887033772,1250.4003809336718,3.4163244619515494
Forrestdale,665690.7333333333,9251.91111111111,183.57777777777778,29.0,3656.9200648047895,323.0559154566282,44.63563327123659
Wooroloo,521625.0,40896.208333333336,186.58333333333334,36.36363636363637,3112.4389649361565,79.14564582081526,179.87354607537415
Salter Point,1172450.0,634.3426573426574,245.28671328671328,26.151515151515152,5038.417668724154,2051.192847555043,2.843754539092553
Hilton,555069.3870967742,606.1397849462365,128.3763440860215,45.94565217391305,4538.493223911839,1054.3606071506285,5.10723326822326
Greenmount,514081.52173913043,1417.840579710145,172.90579710144928,38.36296296296296,3128.6525607912345,428.4451846040982,8.846137686723877
Marangaroo,415592.4369747899,684.7310924369748,150.57983193277312,25.572649572649574,2913.334286326828,709.0167086132792,5.409133859812783
Balga,309362.0689655172,495.0,112.37931034482759,28.963636363636365,2815.219296398254,830.3174396565959,4.537710214692775
Warwick,579425.776923077,720.4538461538461,167.2846153846154,37.51639344262295,3680.153142771995,882.3060241111017,4.693870969315913
Lesmurdie,671163.8655462185,1703.7731092436975,204.9747899159664,39.07142857142857,3434.9497611532915,423.2182847760734,8.654078831258182
Darch,574450.4378109453,544.9154228855722,215.9402985074627,10.65128205128205,2760.418118201455,1097.526561887016,2.568517599880579
Stirling,829876.6413793104,547.303448275862,228.46206896551723,18.931818181818183,3807.586693983395,1663.42837442388,2.770123415766915
Kalamunda,679729.4117647059,1793.6235294117646,194.76470588235293,39.23809523809524,3703.4328444916446,571.940534677315,9.821813486268642
Maylands,739668.9230769231,461.7692307692308,171.1846153846154,35.261538461538464,4534.6063501310855,1918.311588818984,3.2230077407474713
Embleton,524185.8585858586,572.3232323232323,148.4949494949495,33.322916666666664,3831.8343818088265,1046.8426248041687,4.409666962453086
Wattle Grove,544569.3510638297,747.0904255319149,192.6968085106383,10.528735632183908,2911.5176560722552,974.1858272692506,3.883418138946551
Swanbourne,1582618.08,547.816,230.944,31.79824561403509,7186.054574888772,3210.8664955851273,2.6261552062842455
Rossmoyne,1171435.56302521,775.8823529411765,236.28571428571428,33.64912280701754,5343.59804631133,1576.4139564997627,3.746900966537119
Beaconsfield,774403.947368421,490.86842105263156,166.48245614035088,42.19266055045872,4998.653663062881,1900.744266513909,3.2703040453611094
Waterford,1076792.755319149,698.0,270.0425531914894,17.80722891566265,4151.190129142432,1631.8640468760852,2.780724332702617
Sinagra,464718.83720930235,1258.1627906976744,175.22093023255815,8.377358490566039,2739.5181171625413,950.128916180343,9.244656312742737
East Fremantle,1122097.5,593.44,180.9,55.46,6389.285264706075,2433.8034875589924,3.469167482074443
Orelia,313241.1379310345,639.2620689655172,141.80689655172415,28.147058823529413,2259.232848649509,532.3033307710425,4.7208815394461405
Leda,337275.15,597.75,152.9375,15.078947368421053,2313.0628102330493,574.5206460151293,4.2033161293392345
Darlington,707432.6923076923,2529.630769230769,205.0,43.6328125,3584.662704493273,319.6697472391749,13.187372961305197
Kwinana Town Centre,186314.12121212122,203.9090909090909,110.03030303030303,-1.3636363636363635,1705.0185947379182,921.0340789757013,1.8543965517181595
Landsdale,551263.2848101265,563.867088607595,214.37974683544303,13.006666666666666,2644.559658591409,1012.5704423711182,2.712052555499746
South Guildford,542880.2197802198,656.1758241758242,174.1153846153846,19.675,3229.5532751428464,981.4767356484107,3.9264490187552363
Gooseberry Hill,857120.4379562044,3059.970802919708,230.1021897810219,33.43283582089552,3882.6477212820737,467.27254567201766,14.172495810252608
Bullsbrook,498796.7474747475,12540.29292929293,174.62626262626262,20.73913043478261,2896.286702613017,305.27566411777644,65.5349771663376
Kenwick,397629.5133333333,983.9266666666666,136.37333333333333,26.517006802721088,3036.3535653916288,626.9959539963506,7.849826850625626
Nedlands,1647441.826923077,808.2692307692307,228.10576923076923,63.84313725490196,7759.597291157241,2218.2101399101502,3.8927161793763365
East Victoria Park,651532.4494382022,491.1011235955056,145.17977528089887,47.082352941176474,4733.010965344439,1505.442519482097,3.6527662070482427
Naval Base,1408000.0,2614.0,558.0,11.0,2523.2974910394264,538.6381025248661,4.684587813620071
Edgewater,560366.25,736.825,168.6,30.608695652173914,3457.5220987687208,848.5547363479502,4.701331194864517
Oldbury,978900.0,62125.0,191.0,18.0,5786.013036641556,19.17305639923257,366.1977475742948
Mundaring,652875.674074074,4766.851851851852,199.6888888888889,26.229508196721312,3576.395425260914,299.5948356973681,23.18147308733871
Midland,423032.7868852459,607.1639344262295,113.85245901639344,39.45,3732.781478413281,995.1280118175654,5.1017805195896395
Innaloo,552731.4666666667,339.45,132.0,22.866666666666667,4326.867921076897,1792.9164581852897,2.641402449170675
Middle Swan,410388.3630136986,2190.650684931507,135.3013698630137,27.796992481203006,3140.530520012838,611.8862310019252,15.249594627256448
Victoria Park,688490.9090909091,386.4909090909091,140.5090909090909,47.46,5062.7132010122605,2077.3185275803116,2.892859657430343
Leederville,859113.6363636364,369.90909090909093,158.77272727272728,39.31818181818182,5673.253984788248,2811.257744927876,2.438345828417015
Ellenbrook,388606.4516129032,566.2967741935483,178.95483870967743,15.931506849315069,2237.9546252181362,722.0510680055909,3.2214217049648415
Como,977760.8333333334,576.3333333333334,189.0,35.60344827586207,5562.704918391726,1987.3299386997157,3.4005825283892928
