SUBURB,PRICE,BEDROOMS,BATHROOMS,GARAGE,LAND_AREA,FLOOR_AREA,BUILD_YEAR,CBD_DIST,NEAREST_STN_DIST,POSTCODE,LATITUDE,LONGITUDE,NEAREST_SCH_DIST,NEAREST_SCH_RANK,YEAR_SOLD,MONTH_SOLD,Price/land
Alexander Heights,453285.15625,3.7890625,1.8515625,2.2459016393442623,627.703125,168.8828125,1993.3478260869565,13968.75,7085.9375,6064.0,-31.826960441953126,115.86453279765625,1.91244472596875,65.77272727272727,2017.78125,6.796875,740.0049492635826
Alfred Cove,840086.5666666667,3.5083333333333333,1.7916666666666667,2.087719298245614,616.7416666666667,183.25833333333333,1989.7350427350427,9787.958333333334,3881.133333333333,6154.0,-32.033892329083336,115.81589462833334,1.4815166033166667,48.625,2016.5166666666667,7.433333333333334,1619.752546616875
Alkimos,413749.8070175439,3.6315789473684212,1.9736842105263157,2.018867924528302,9031.622807017544,180.96491228070175,2013.43,40705.26315789474,2512.4561403508774,6038.0,-31.616570400175437,115.6881273491228,4.337169348157895,39.0,2019.0,7.043859649122807,1044.6518632029085
Anketell,1008763.1578947369,4.157894736842105,2.1052631578947367,3.0588235294117645,21029.36842105263,287.7368421052632,1998.25,29368.42105263158,4005.2631578947367,6167.0,-32.21534651578947,115.8781437,5.696344711,,2011.8947368421052,6.2105263157894735,67.96033723412222
Applecross,1376689.8734177216,3.7848101265822787,2.3037974683544302,2.48,777.0126582278481,232.65822784810126,1988.7820512820513,7141.772151898735,1811.6708860759493,6153.0,-32.01372192025317,115.83812531898734,1.8254921951291139,37.9746835443038,2018.2784810126582,6.6455696202531644,2378.1711493746716
Ardross,1072145.3223140496,3.727272727272727,2.0661157024793386,2.1315789473684212,542.9090909090909,208.6611570247934,1991.8260869565217,8528.099173553719,2404.1322314049585,6153.0,-32.02666357099174,115.83814004793388,0.6549533291396694,34.0,2017.5867768595042,6.68595041322314,2171.0064627994398
Armadale,246611.11111111112,3.2222222222222223,1.1746031746031746,1.8,838.2222222222222,113.34920634920636,1980.542372881356,25782.539682539682,1082.4444444444443,6112.0,-32.148283183333334,116.00391951904761,0.6551227078761904,81.36111111111111,2019.015873015873,6.904761904761905,416.1283022346877
Ascot,803359.1666666666,3.566666666666667,2.0,2.2212389380530975,687.2583333333333,204.69166666666666,1994.2372881355932,6890.0,2303.3333333333335,6104.0,-31.934318946416667,115.92864174916667,2.4221994065416665,54.56521739130435,2016.0083333333334,7.025,1804.8442152007326
Ashby,483321.62921348313,3.758426966292135,1.9887640449438202,2.0402298850574714,513.3876404494382,176.7808988764045,2006.8181818181818,24733.76404494382,3236.4157303370785,6065.0,-31.73361980792135,115.79892237584271,3.06791886455618,117.93820224719101,2015.6966292134832,6.286516853932584,1019.6198839261035
Ashfield,484939.0243902439,3.347560975609756,1.5670731707317074,2.0272108843537415,646.1158536585366,145.33536585365854,1983.722972972973,8398.780487804877,600.0914634146342,6054.0,-31.91750993762195,115.93782090365853,0.7101000886682927,,2012.4024390243903,6.121951219512195,813.9710903225819
Attadale,1192734.7105263157,3.754385964912281,2.1842105263157894,2.0934579439252334,775.2719298245614,228.09649122807016,1984.1964285714287,9911.40350877193,4585.964912280701,6156.0,-32.026804794824564,115.80196927105263,1.1809471705236843,14.657894736842104,2018.0350877192982,6.7105263157894735,1789.9767067405214
Atwell,542581.7846153846,3.8,1.9692307692307693,2.110497237569061,594.1589743589743,191.12307692307692,2001.6875,21368.71794871795,2245.702564102564,6164.0,-32.14404505266666,115.86542867179487,0.8624670934035897,129.0,2018.1897435897436,6.758974358974359,967.5734941051267
Aubin Grove,570786.5185185185,3.919753086419753,2.037037037037037,2.367088607594937,562.3518518518518,203.87654320987653,2009.0142857142857,24174.69135802469,4954.938271604939,6164.0,-32.16934235981481,115.86322828333334,2.850034157660494,129.0,2017.4753086419753,6.567901234567901,1075.973738268517
Aveley,440986.4864864865,3.77027027027027,1.9932432432432432,2.2142857142857144,20786.864864864863,197.90540540540542,2010.3153846153846,22337.837837837837,12284.45945945946,6069.0,-31.78332610297297,115.98614161148649,0.9883967897243243,72.1554054054054,2019.0945945945946,6.986486486486487,886.1200269179728
Balcatta,524628.1690140845,3.1971830985915495,1.647887323943662,1.838235294117647,723.0704225352113,152.94366197183098,1990.6617647058824,8836.61971830986,2769.0140845070423,6021.0,-31.878352207746477,115.82492401830984,1.3908995475492958,123.84057971014492,2018.605633802817,7.28169014084507,1157.1542757382708
Baldivis,419363.4259259259,3.8703703703703702,2.0,2.1030927835051547,1434.148148148148,189.57407407407408,2009.2826086956522,43297.22222222222,4758.333333333333,6171.0,-32.33914047712963,115.81358486666667,1.4956870756472223,93.33333333333333,2020.0,8.63888888888889,757.6963164649474
Balga,309362.0689655172,3.1551724137931036,1.5344827586206897,2.0408163265306123,518.8103448275862,112.37931034482759,1989.8909090909092,11086.206896551725,4317.241379310345,6061.0,-31.85415754948276,115.84025310517242,0.9965385283810345,35.733333333333334,2018.8103448275863,7.741379310344827,794.9714385698943
Ballajura,420807.3768115942,3.7753623188405796,1.7681159420289856,2.224,645.036231884058,161.3985507246377,1992.3100775193798,12827.536231884058,8490.579710144928,6066.0,-31.84276660862319,115.89933498695653,1.3795458127586957,133.0,2018.9782608695652,7.550724637681159,679.2893545144584
Banjup,1103590.25,4.1875,2.1875,4.766666666666667,20072.15625,248.90625,1992.9333333333334,22737.5,4262.5,6164.0,-32.1551605721875,115.883183721875,2.684393833028125,129.0,2016.5,7.09375,86.74863023164883
Banksia Grove,382368.0722891566,3.6204819277108435,1.9337349397590362,2.0745341614906834,491.17469879518075,161.33734939759037,2009.1410256410256,28821.68674698795,6093.975903614458,6031.0,-31.697567809216867,115.80372422710845,0.9778890278771084,92.0,2018.3072289156626,7.072289156626506,869.2260033775901
Baskerville,904050.0,4.1,2.2,2.5555555555555554,52488.6,270.45,1990.75,25075.0,11635.0,6056.0,-31.797921148,116.05166787499999,6.2810221319,55.0,2007.5,8.4,43.627734258636266
Bassendean,546484.1578947369,3.263157894736842,1.6210526315789473,1.9529411764705882,754.8105263157895,145.34736842105264,1979.0444444444445,9948.421052631578,741.5578947368421,6054.0,-31.904865765473684,115.94791344526315,1.17398827422,117.0,2019.1684210526316,7.136842105263158,1005.8535832676297
Bateman,801316.9491525424,3.864406779661017,1.9406779661016949,2.1875,728.4067796610169,190.98305084745763,1984.8181818181818,11560.169491525423,815.9237288135594,6150.0,-32.05556358161017,115.84721134491525,0.7102612291838983,28.0,2016.0254237288136,6.5423728813559325,1185.4448218712184
Bayswater,607954.5625,3.2395833333333335,1.5833333333333333,2.058139534883721,636.0625,157.51041666666666,1976.7956989247311,6442.708333333333,882.5625,6053.0,-31.919197131145832,115.91413262083334,1.4008419978427085,37.2625,2019.28125,6.760416666666667,1129.9623911560227
Beaconsfield,774403.947368421,3.4035087719298245,1.8333333333333333,2.135135135135135,653.061403508772,166.48245614035088,1975.4495412844037,15525.368421052632,2824.4561403508774,6162.0,-32.0688093404386,115.7667596508772,0.7171695575342105,128.0,2017.6666666666667,7.324561403508772,1694.7365891175848
Beckenham,405862.6857142857,3.357142857142857,1.4428571428571428,2.492063492063492,794.2571428571429,141.92857142857142,1983.2238805970148,12477.142857142857,1155.3285714285714,6107.0,-32.020583362428575,115.96341387428572,1.6701723581342858,114.0,2017.9571428571428,6.542857142857143,584.4205745487956
Bedford,660490.0574712644,3.2758620689655173,1.6896551724137931,2.189873417721519,618.4252873563219,165.70114942528735,1977.0232558139535,5639.080459770115,1908.6436781609195,6052.0,-31.909871733448277,115.89116228045977,0.9706181732517241,42.3448275862069,2017.9655172413793,6.954022988505747,1236.0172548423247
Bedfordale,748650.234375,4.09375,2.1015625,3.310924369747899,10510.578125,247.5390625,1998.898148148148,30125.78125,4684.375,6112.0,-32.16286768539062,116.0590396859375,2.611455807796875,,2016.3203125,6.5703125,153.94001034578383
Beechboro,385165.4205607477,3.4205607476635516,1.3364485981308412,2.6161616161616164,714.3457943925233,128.18691588785046,1986.1650485436894,12041.121495327103,4331.77570093458,6063.0,-31.868421127383176,115.93897856635513,1.4416377240261682,,2017.747663551402,6.841121495327103,558.7822407845028
Beeliar,536281.1728395062,3.8395061728395063,1.9876543209876543,2.159235668789809,616.0061728395061,185.72222222222223,2004.2517482517483,20643.20987654321,4545.061728395061,6164.0,-32.13298708944444,115.81125953518519,1.727176264293827,,2018.1728395061727,6.425925925925926,969.9540193520262
Beldon,490010.55555555556,3.5294117647058822,1.3986928104575163,1.5384615384615385,706.1176470588235,136.45751633986927,1985.2312925170068,21660.13071895425,1481.5947712418301,6027.0,-31.775271502483662,115.76381386993464,0.7558637937535948,102.06535947712419,2016.1503267973856,7.209150326797386,700.6294981967328
Belhus,774750.0,4.138888888888889,1.9722222222222223,2.75,14405.361111111111,251.41666666666666,1995.4242424242425,24122.222222222223,12972.222222222223,6069.0,-31.775306128055554,116.00689986666667,2.931012592194444,68.0,2008.1666666666667,7.555555555555555,86.89540442157386
Bellevue,368800.36697247706,3.1009174311926606,1.2660550458715596,1.8484848484848484,884.1100917431193,121.0,1976.2169811320755,17438.532110091743,3380.733944954128,6056.0,-31.902620025504586,116.03395786238532,1.9760852363944954,,2014.2935779816514,6.935779816513762,524.0559337003598
Belmont,505116.58904109587,3.4657534246575343,1.6712328767123288,2.1818181818181817,761.945205479452,156.6027397260274,1984.6923076923076,7050.6164383561645,3606.7123287671234,6104.0,-31.947965534246578,115.93446017534245,1.3563057400876712,57.0,2017.9178082191781,6.602739726027397,973.5407500207662
Bennett Springs,495591.7251184834,3.981042654028436,2.023696682464455,2.27363184079602,803.1516587677725,178.0995260663507,2003.5,12609.478672985782,5701.895734597157,6063.0,-31.858936637298576,115.93419067535545,2.2350478750473934,133.0,2016.1279620853081,6.440758293838862,880.1518950818806
Bentley,457648.76543209876,3.567901234567901,1.9135802469135803,2.1818181818181817,701.7530864197531,131.87654320987653,1989.662162162162,8274.074074074075,1756.3827160493827,6102.0,-32.00832463148148,115.9156147728395,1.4770630733876542,42.0,2017.1851851851852,6.45679012345679,1162.4067103822601
Bertram,381613.41991341993,3.8095238095238093,2.012987012987013,2.15625,533.3116883116883,169.76190476190476,2006.3240740740741,32903.4632034632,1453.060606060606,6167.0,-32.24751705935065,115.84485315411254,1.0640325865463203,,2017.3722943722944,6.45021645021645,749.4731253992022
Bibra Lake,544325.8507462686,3.783582089552239,1.8059701492537314,1.9516129032258065,663.9850746268656,174.17910447761193,1992.4098360655737,16123.880597014926,3786.5671641791046,6163.0,-32.093933881791045,115.8270725380597,1.420318118485821,47.291666666666664,2017.3358208955224,6.1940298507462686,999.2772514876877
Bickley,699231.0606060605,3.727272727272727,1.9545454545454546,2.406779661016949,14979.59090909091,216.03030303030303,1970.8253968253969,22793.939393939392,11656.060606060606,6076.0,-32.00233279621212,116.09284463939393,1.4627678384121212,107.0,2008.8181818181818,6.803030303030303,150.22509789090103
Bicton,1083594.3766233767,3.6623376623376624,1.8831168831168832,2.25,735.6753246753246,191.7792207792208,1984.171052631579,10884.415584415585,3270.12987012987,6157.0,-32.02803669831169,115.7862100064935,1.4204403258116884,10.194805194805195,2018.2337662337663,7.324675324675325,1810.5109711048633
Booragoon,893440.2173913043,3.8369565217391304,2.0543478260869565,2.2333333333333334,811.3152173913044,199.16304347826087,1983.2197802197802,10063.04347826087,2109.782608695652,6154.0,-32.03998809717391,115.83391202934783,1.2912908922380435,32.95652173913044,2017.5978260869565,7.434782608695652,1328.614046363381
Boya,521285.8585858586,3.4646464646464645,1.6868686868686869,1.9058823529411764,2307.838383838384,176.55555555555554,1976.563829787234,18818.18181818182,5754.545454545455,6056.0,-31.917286031818183,116.053734410101,1.9845212252525253,,2011.1616161616162,6.111111111111111,282.9491563946045
Brabham,432820.65079365077,3.5555555555555554,1.9682539682539681,2.152542372881356,530.6190476190476,171.93650793650792,2013.5217391304348,18195.238095238095,8888.888888888889,6055.0,-31.818335730793653,115.96921925555556,3.1041584014444443,53.0,2018.1904761904761,6.301587301587301,1040.4235525371096
Brentwood,742031.25,3.3088235294117645,1.6985294117647058,1.7803030303030303,645.7279411764706,164.68382352941177,1993.793893129771,10208.088235294117,579.7279411764706,6153.0,-32.04367936544117,115.8517361617647,1.4179780040889707,24.720588235294116,2015.0367647058824,6.713235294117647,1473.5159069159074
Brigadoon,705097.3300970874,4.077669902912621,2.0679611650485437,2.6707317073170733,21812.70873786408,261.7281553398058,2002.0,27930.09708737864,14154.368932038835,6069.0,-31.782191256893203,116.07595978737865,8.695813537533981,53.0,2010.3009708737864,7.533980582524272,41.2026856053851
Brookdale,301784.1408450704,3.732394366197183,1.767605633802817,2.007142857142857,562.9507042253521,132.92253521126761,2001.765625,27662.676056338027,1920.4225352112676,6112.0,-32.168449457323945,116.00338287887324,1.0463575928711268,,2015.0070422535211,6.894366197183099,572.5591243486687
Bull Creek,810097.7011494252,4.011494252873563,1.9885057471264367,2.231707317073171,707.4827586206897,203.51724137931035,1982.5647058823529,11710.344827586207,1257.9770114942528,6149.0,-32.05725239770115,115.8634216643678,0.8960565524011493,28.011494252873565,2017.712643678161,6.862068965517241,1169.3203340372645
Bullsbrook,498796.7474747475,3.757575757575758,1.8282828282828283,2.0813953488372094,18141.161616161615,174.62626262626262,1996.8152173913043,37091.919191919194,26133.333333333332,6084.0,-31.661033753333335,116.0486604909091,14.523656136767677,98.0,2017.5858585858587,6.474747474747475,304.4240614168243
Burns Beach,898548.3181818182,4.166666666666667,2.3181818181818183,2.2635658914728682,566.9090909090909,276.06060606060606,2009.2333333333333,28253.030303030304,2369.6969696969695,6028.0,-31.725121435833334,115.72570626666666,3.4322330905075757,67.32673267326733,2017.6818181818182,6.348484848484849,1607.007233645106
Burswood,975228.5714285715,3.5142857142857142,2.0285714285714285,2.1,557.7714285714286,202.71428571428572,1992.3030303030303,3908.5714285714284,473.2857142857143,6100.0,-31.962867867714287,115.89772706571428,0.9941277402485714,41.97142857142857,2016.942857142857,7.228571428571429,2672.087184406901
Butler,383239.1304347826,3.5893719806763285,1.9420289855072463,2.0364583333333335,474.4927536231884,168.90821256038646,2007.502538071066,37368.59903381643,1233.1159420289855,6036.0,-31.643375424396137,115.70406337487923,1.2484019682492753,42.91304347826087,2019.3381642512077,7.782608695652174,861.3956613933366
Byford,423198.3606557377,3.877049180327869,1.9426229508196722,2.2612612612612613,808.4016393442623,196.99180327868854,2009.5739130434783,32390.983606557376,7675.4098360655735,6122.0,-32.21994568081968,115.99299780737704,1.7612584913090163,116.0,2019.2459016393443,7.270491803278689,707.5899920154485
Calista,293624.0875912409,3.153284671532847,1.2043795620437956,1.90625,788.4087591240876,115.91240875912409,1971.9716981132076,33128.46715328467,2211.6788321167883,6167.0,-32.24638938029197,115.80626289854014,1.086027945588321,138.0,2014.1751824817518,6.708029197080292,424.19496367084895
Camillo,300934.6153846154,3.423076923076923,1.2923076923076924,2.168067226890756,689.8384615384615,126.20769230769231,1981.5121951219512,22453.076923076922,1289.823076923077,6111.0,-32.11410416692308,116.00053905461537,1.1053782336869231,74.25384615384615,2016.2,6.376923076923077,479.8988782589039
Canning Vale,589988.3846153846,3.967948717948718,2.019230769230769,2.1363636363636362,700.25,215.40384615384616,2001.0340136054422,16023.076923076924,4865.384615384615,6155.0,-32.083992311410256,115.92600343717949,1.2370145542102564,64.51282051282051,2019.75,7.653846153846154,949.068141317972
Cannington,430695.0,3.2738095238095237,1.7619047619047619,2.1125,740.0119047619048,129.92857142857142,1992.0886075949368,9970.238095238095,817.297619047619,6107.0,-32.01309701273809,115.93620530238096,1.0026333576666666,82.28571428571429,2016.857142857143,6.642857142857143,1058.2971677308483
Carabooda,917023.8095238095,4.523809523809524,2.3333333333333335,3.263157894736842,35544.90476190476,240.0952380952381,1995.6923076923076,41419.04761904762,4409.523809523809,6033.0,-31.600079419047617,115.71759562380952,5.795666770142857,39.0,2010.6666666666667,7.619047619047619,30.577543362573568
Cardup,679797.4683544304,3.9367088607594938,1.860759493670886,2.7761194029850746,16395.3417721519,226.0379746835443,1999.6190476190477,34940.50632911392,11158.227848101265,6122.0,-32.24925371329114,115.97750001012659,2.753822652527848,116.0,2012.6962025316457,6.291139240506329,73.30930505520016
Carine,807780.0847457628,3.9322033898305087,2.0,2.080357142857143,728.5762711864406,199.61016949152543,1983.0869565217392,13467.796610169491,1902.042372881356,6020.0,-31.851787770084744,115.77982033220339,0.9817535683677966,47.0,2017.635593220339,6.5,1140.318563038571
Carlisle,543074.358974359,3.1666666666666665,1.6666666666666667,2.1973684210526314,523.1410256410256,143.48717948717947,1986.051948051948,6348.717948717948,763.1282051282051,6101.0,-31.97886217948718,115.91807429615383,1.0052049522102564,102.0,2018.0641025641025,6.217948717948718,1181.0562221258338
Carmel,615028.8461538461,3.9423076923076925,1.8461538461538463,2.923076923076923,19412.98076923077,226.51923076923077,1977.96,23250.0,10842.307692307691,6076.0,-32.0195461325,116.0923730923077,1.042790557003846,71.0,2008.5384615384614,6.923076923076923,155.95208651797955
Carramar,524224.85576923075,4.0048076923076925,2.0288461538461537,2.252577319587629,808.4471153846154,206.20673076923077,2004.050847457627,28093.26923076923,4071.153846153846,6031.0,-31.707214224134614,115.78815572740385,1.475079920879327,92.0,2018.2932692307693,6.6875,821.8217169304487
Casuarina,615175.6447368421,3.9342105263157894,1.9605263157894737,2.611111111111111,14438.276315789473,216.43421052631578,1993.391304347826,31636.842105263157,3186.842105263158,6167.0,-32.23595238342105,115.87453156578948,3.9976246619473685,,2008.7236842105262,6.065789473684211,54.522682783097395
Caversham,489055.94405594404,3.7552447552447554,1.965034965034965,2.375,1146.5944055944055,177.0909090909091,2006.4098360655737,13860.13986013986,3499.3006993006993,6055.0,-31.867347057692307,115.96605893216783,2.7860675392237764,128.83333333333334,2017.4195804195804,6.594405594405594,922.0975896413477
Champion Lakes,424488.8888888889,3.4962962962962965,1.874074074074074,2.209090909090909,2727.474074074074,187.32592592592593,2008.6666666666667,22089.62962962963,2201.4814814814813,6111.0,-32.11579823081482,115.99098931925926,1.888682561922222,83.75555555555556,2013.4444444444443,6.288888888888889,786.8216921608919
Chidlow,506955.1886792453,3.4716981132075473,1.5754716981132075,2.772727272727273,12956.433962264151,161.11320754716982,1985.234693877551,40171.698113207545,25570.754716981133,6556.0,-31.8518186495283,116.26705189056604,5.259305458971698,105.0,2013.867924528302,7.0754716981132075,136.00196758546832
Churchlands,1313734.8484848484,3.946969696969697,2.340909090909091,2.1338582677165356,860.5151515151515,262.43939393939394,1998.4462809917356,7098.484848484848,3059.848484848485,6018.0,-31.92195858257576,115.79299637424242,0.5980346238636364,35.666666666666664,2016.6439393939395,6.3106060606060606,2524.2860682594846
City Beach,1654765.2692307692,4.0576923076923075,2.2884615384615383,2.493150684931507,860.0384615384615,263.63461538461536,1976.9448275862069,9414.102564102564,5674.358974358975,6015.0,-31.926733750320516,115.76447735320514,2.211094693621795,30.91780821917808,2017.2628205128206,6.378205128205129,2092.4599602589974
Claremont,1282131.5555555555,3.3492063492063493,2.015873015873016,2.2203389830508473,551.5714285714286,192.84126984126985,1980.95,7803.174603174603,610.2698412698413,6010.0,-31.98032056222222,115.78356074126984,0.9665000096095239,6.746031746031746,2018.7777777777778,6.444444444444445,2890.269532095849
Clarkson,374551.9588235294,3.6411764705882352,1.8764705882352941,1.9390243902439024,967.2058823529412,158.5529411764706,2003.447204968944,32309.41176470588,1530.9176470588236,6030.0,-31.68503973452941,115.72564090941177,0.6963919993941177,118.0,2019.2470588235294,7.6117647058823525,815.8845501409802
Cloverdale,438314.28571428574,3.3142857142857145,1.6857142857142857,2.590909090909091,659.3,142.88571428571427,1985.7205882352941,8300.0,4515.714285714285,6105.0,-31.961813319999997,115.94573356428572,1.2680871027842857,62.142857142857146,2018.0857142857142,7.0,783.1592448267392
Cockburn Central,492742.42424242425,3.1818181818181817,1.9696969696969697,1.84375,1185.3030303030303,151.66666666666666,2003.3939393939395,19427.272727272728,850.2424242424242,6164.0,-32.12643537272728,115.84965283636365,0.9396710406878788,58.0,2016.5151515151515,6.666666666666667,1047.3309984972218
Como,977760.8333333334,3.566666666666667,1.95,2.2758620689655173,728.3666666666667,189.0,1983.844827586207,5128.333333333333,1802.25,6152.0,-31.997369736,115.86610356166666,0.9414748161366667,31.5,2019.4333333333334,7.6,1766.2586864039035
Connolly,705674.0,3.976,2.104,2.2184873949579833,990.352,220.064,1992.017094017094,24886.4,1770.232,6027.0,-31.7485756072,115.750373212,1.1799620198144,69.072,2016.712,6.4,1068.3296146121463
Coogee,790131.2977099237,3.954198473282443,2.1526717557251906,2.72,670.6030534351145,240.57251908396947,1996.8,20308.396946564884,7719.847328244275,6166.0,-32.11902449984733,115.77200973435114,4.048032222748091,,2017.496183206107,6.572519083969466,1246.9151950107896
Coolbellup,477543.47826086957,3.282608695652174,1.391304347826087,2.0602409638554215,646.554347826087,129.5326086956522,1978.1136363636363,15147.826086956522,4486.95652173913,6163.0,-32.08066494152174,115.80629081739131,0.9331978452369565,91.0,2017.3478260869565,6.391304347826087,827.8410027648454
Coolbinia,1139132.6241134752,3.4609929078014185,1.822695035460993,2.0808823529411766,767.6524822695036,236.18439716312056,1968.5547445255474,4241.843971631206,2911.3475177304963,6050.0,-31.914439169787233,115.85353861560284,1.505044905609929,53.1063829787234,2013.5390070921985,6.75177304964539,1591.3080937248176
Cooloongup,287516.2878787879,3.5454545454545454,1.446969696969697,1.819672131147541,726.060606060606,138.28787878787878,1986.9538461538461,39328.78787878788,1022.1590909090909,6168.0,-32.295783645757574,115.75984849545455,1.5499782002045457,112.74311926605505,2018.1969696969697,7.03030303030303,422.40064374727
Cottesloe,1646283.3333333333,3.3043478260869565,2.0434782608695654,1.890625,622.6521739130435,187.5072463768116,1968.6521739130435,10357.971014492754,502.94202898550725,6011.0,-31.992449803913047,115.76015221014492,0.8105651389057971,11.782608695652174,2018.4347826086957,6.869565217391305,3685.5938652408986
Craigie,448367.02127659577,3.372340425531915,1.2340425531914894,1.7142857142857142,789.0957446808511,125.92553191489361,1979.9431818181818,20470.212765957447,1802.8617021276596,6025.0,-31.78636506957447,115.76551041489363,1.739663298287234,90.05319148936171,2018.063829787234,6.319148936170213,682.5750275669335
Crawley,955800.0,2.85,1.5,1.6666666666666667,473.8,140.9,1975.75,4975.75,3425.0,6009.0,-31.982108822999997,115.81784416999999,2.9094575778,14.0,2015.55,5.55,3443.573349293782
Currambine,543432.584269663,3.859550561797753,2.0224719101123596,2.0843373493975905,669.7921348314607,186.57303370786516,1998.4907975460123,26636.516853932586,1105.241573033708,6028.0,-31.733029385505617,115.74596693707865,1.6043374716679777,78.08988764044943,2018.252808988764,6.646067415730337,983.7142567294821
Daglish,1044676.7676767677,3.202020202020202,1.7373737373737375,2.0425531914893615,690.2323232323232,171.62626262626262,1961.3578947368421,4616.161616161616,468.52525252525254,6008.0,-31.951293379898992,115.81004983737374,1.1686152477979799,13.080808080808081,2013.090909090909,6.565656565656566,1834.9262073563045
Dalkeith,1951092.3424657534,4.013698630136986,2.287671232876712,2.1549295774647885,947.8219178082192,261.36986301369865,1965.718309859155,7454.7945205479455,3032.876712328767,6009.0,-31.99541510739726,115.79884496849316,2.2198172628630135,5.671232876712328,2016.3287671232877,6.041095890410959,2144.0326582161942
Darch,574450.4378109453,3.9203980099502487,2.0248756218905473,2.136125654450262,544.9154228855722,215.9402985074627,2006.6820512820514,15585.074626865671,5956.7164179104475,6065.0,-31.812703027810944,115.84565828706468,0.7197212106626866,71.26865671641791,2017.3283582089553,6.840796019900497,1097.526561887016
Darling Downs,848750.0,4.205882352941177,2.0588235294117645,3.292307692307692,18302.352941176472,240.7058823529412,1995.4827586206898,29932.352941176472,4801.470588235294,6122.0,-32.193443984411765,115.99832094264706,3.163885485455882,116.0,2014.5882352941176,7.102941176470588,123.56384148775864
Darlington,707432.6923076923,3.753846153846154,1.9076923076923078,2.4545454545454546,2529.630769230769,205.0,1973.4375,21028.46153846154,7653.076923076923,6070.0,-31.91475075530769,116.07681472461539,1.113866302476154,78.0,2017.0461538461539,7.207692307692308,319.66974723917485
Dayton,464128.3783783784,3.445945945945946,1.9864864864864864,2.0833333333333335,834.1621621621622,166.1216216216216,2013.123076923077,15020.27027027027,4609.459459459459,6055.0,-31.85688554364865,115.97126982162162,3.7310556925675677,108.77049180327869,2016.581081081081,6.918918918918919,1205.7003672960889
Dianella,678584.4594594594,3.527027027027027,1.8513513513513513,2.3333333333333335,659.0,207.74324324324326,1989.25,7275.675675675676,5004.054054054054,6059.0,-31.888675177567563,115.87476589459459,1.128643188541892,51.229166666666664,2019.7027027027027,7.783783783783784,1161.5219730017818
Doubleview,836239.5833333334,3.34375,1.8229166666666667,2.2823529411764705,513.6145833333334,174.63541666666666,1984.3626373626373,9619.791666666666,2237.5,6018.0,-31.895549930416667,115.782247075,0.8321442816052084,6.0,2019.1145833333333,7.489583333333333,1816.0113808876647
Duncraig,713762.3655913979,3.795698924731183,1.8387096774193548,2.0804597701149423,710.0,195.91397849462365,1982.1847826086957,15490.322580645161,1550.4516129032259,6023.0,-31.83207768376344,115.77648389247312,1.0266144389204301,47.516129032258064,2019.010752688172,7.720430107526882,1037.8967402949124
East Cannington,507159.2477876106,3.7168141592920354,1.7964601769911503,2.4056603773584904,773.4690265486726,169.1504424778761,1993.3783783783783,11264.601769911504,1480.132743362832,6107.0,-32.00919832584071,115.95781441858406,1.5578589132566372,98.070796460177,2016.9115044247787,7.212389380530974,938.8787730558465
East Fremantle,1122097.5,3.43,1.82,2.1030927835051547,807.29,180.9,1962.98,13095.0,1909.79,6158.0,-32.040819169900004,115.767193685,1.4030685870139998,24.7,2018.44,7.24,2162.609831608194
East Perth,510181.8181818182,2.5454545454545454,1.6363636363636365,1.7,1363.7272727272727,112.36363636363636,1996.2727272727273,1590.909090909091,603.7272727272727,6004.0,-31.953114260909093,115.87411599090909,0.7697881350545455,16.454545454545453,2019.7272727272727,8.090909090909092,1301.094053534178
East Victoria Park,651532.4494382022,3.269662921348315,1.6292134831460674,2.1904761904761907,526.0,145.17977528089887,1971.6705882352942,5811.23595505618,1348.685393258427,6101.0,-31.988875856966292,115.90218703932585,1.0811439261966294,90.15068493150685,2018.7752808988764,7.033707865168539,1452.5176831529911
Eden Hill,467236.7346938776,3.2857142857142856,1.4591836734693877,2.7422680412371134,897.2551020408164,143.78571428571428,1979.4375,10582.65306122449,1515.8367346938776,6054.0,-31.891378564591836,115.94486160000001,1.6269120285244898,117.0,2016.234693877551,6.877551020408164,737.6463512608732
Edgewater,560366.25,3.808333333333333,1.8416666666666666,1.9401709401709402,788.7083333333334,168.6,1986.3652173913044,22014.166666666668,1127.2,6027.0,-31.764933770833334,115.78425014333334,0.9610621976808333,104.0,2016.9666666666667,6.708333333333333,800.4539478246724
Eglinton,391879.7368421053,3.6052631578947367,1.9342105263157894,2.0,643.421052631579,162.53947368421052,2013.5857142857142,43557.89473684211,5310.526315789473,6034.0,-31.595865811842103,115.66887018815788,5.404433037789474,,2017.1842105263158,7.434210526315789,1026.4263453198112
Ellenbrook,388606.4516129032,3.825806451612903,1.9419354838709677,2.1527777777777777,566.2967741935483,178.95483870967743,2003.7739726027398,22374.83870967742,13577.41935483871,6069.0,-31.775579349225804,115.9715641,0.981163355928387,96.7741935483871,2019.683870967742,8.341935483870968,722.0510680055907
Embleton,524185.8585858586,3.2222222222222223,1.5858585858585859,2.0869565217391304,587.020202020202,148.4949494949495,1983.1354166666667,7238.383838383838,1777.7777777777778,6062.0,-31.90305276787879,115.9090376151515,0.8528407036949496,71.60606060606061,2016.4242424242425,6.5353535353535355,1032.0418910992048
Ferndale,460006.25,3.55,1.5083333333333333,2.302521008403361,1016.45,143.56666666666666,1979.0666666666666,10787.5,3127.5,6148.0,-32.03079572275,115.92543801666667,0.9362929105008334,105.0,2016.5,6.033333333333333,640.0757666267114
Floreat,1476393.7007874015,3.921259842519685,2.1811023622047245,2.3135593220338984,798.0472440944882,237.6220472440945,1972.6854838709678,6300.787401574803,3100.787401574803,6014.0,-31.938755718188975,115.79431012992126,1.635504686806299,31.385826771653544,2018.4251968503936,6.692913385826771,1963.1707237806913
Forrestdale,663643.05,3.783333333333333,1.5666666666666667,2.4655172413793105,9635.2,190.88333333333333,1985.2181818181818,23650.0,6835.0,6112.0,-32.15390290883333,115.93628406333333,4.506959679283333,75.96610169491525,2013.8166666666666,6.216666666666667,313.0803574885047
Forrestfield,420805.0847457627,3.559322033898305,1.6355932203389831,1.8214285714285714,913.1271186440678,155.8728813559322,1991.8034188034187,14312.71186440678,7777.966101694915,6058.0,-31.983483658050847,116.00550009745763,1.2810031138474578,135.6172839506173,2019.042372881356,7.237288135593221,641.8743861046019
Fremantle,859845.0704225352,3.0985915492957745,1.5774647887323943,2.0655737704918034,566.6760563380282,161.5211267605634,1965.1044776119404,14718.30985915493,1653.0704225352113,6160.0,-32.054814508450704,115.76076868591548,0.9391997198549297,46.647887323943664,2018.9859154929577,7.338028169014085,2203.048778795361
Gidgegannup,792695.4022988506,3.8620689655172415,1.9540229885057472,3.4594594594594597,73836.6091954023,220.33333333333334,1994.9642857142858,35675.862068965514,20721.83908045977,6083.0,-31.79947699091954,116.18941414137932,9.735270284609195,103.33333333333333,2015.9310344827586,7.310344827586207,31.915932667559993
Girrawheen,318997.87234042556,3.223404255319149,1.1702127659574468,1.8488372093023255,1253.3510638297873,112.64893617021276,1976.195652173913,12518.08510638298,4159.574468085107,6064.0,-31.841137688404256,115.83989973191488,0.6966609230712766,46.0,2017.904255319149,7.26595744680851,487.53649517966437
Glen Forrest,631721.582733813,3.647482014388489,1.7482014388489209,2.852713178294574,4043.4892086330933,182.73381294964028,1980.640625,23592.086330935253,9948.920863309353,6071.0,-31.91040134294964,116.10363269352517,1.3473819924683454,78.0,2015.2877697841727,6.76978417266187,260.79174706679225
Glendalough,480360.0,2.64,1.28,1.5416666666666667,4996.84,102.32,1988.4583333333333,5176.0,623.56,6016.0,-31.9195141608,115.81981934,0.60755286534,,2015.64,7.08,878.0976568677066
Gnangara,808208.3333333334,4.352941176470588,2.176470588235294,3.3417721518987342,14153.137254901962,287.9313725490196,1996.4421052631578,19407.843137254902,7440.196078431372,6077.0,-31.77797935901961,115.85719036078432,3.3206893540686275,103.0,2007.6666666666667,6.833333333333333,98.66755449757926
Golden Bay,415339.5061728395,3.617283950617284,1.8395061728395061,2.1866666666666665,831.1604938271605,172.679012345679,1999.5972222222222,53541.97530864197,10804.938271604939,6174.0,-32.42583153320987,115.76046662962963,1.2169295921012346,35.0,2018.1728395061727,6.666666666666667,640.9622408100602
Gooseberry Hill,857120.4379562044,3.854014598540146,2.116788321167883,2.5826771653543306,3074.197080291971,230.1021897810219,1982.858208955224,17748.17518248175,8188.321167883211,6076.0,-31.95372715153285,116.04660761532847,2.8708264030364963,108.01694915254237,2016.2773722627737,7.233576642335766,426.96179046491807
Gosnells,299551.724137931,3.471264367816092,1.5402298850574712,1.9634146341463414,719.7931034482758,132.9655172413793,1986.2962962962963,18903.44827586207,1556.5632183908046,6110.0,-32.07984060655173,115.99071348965516,1.4513501089034484,114.44444444444444,2019.0114942528735,7.172413793103448,477.6544288082814
Greenmount,514081.52173913043,3.5652173913043477,1.5724637681159421,2.201550387596899,1417.840579710145,172.90579710144928,1977.3777777777777,19061.594202898552,4719.565217391304,6056.0,-31.89801978514493,116.05021079057971,1.4770624654789855,78.0,2015.7753623188405,6.405797101449275,428.44518460409813
Greenwood,512138.65546218486,3.5294117647058822,1.5294117647058822,1.9380530973451326,731.7647058823529,156.38655462184875,1977.051724137931,14821.008403361344,1982.3781512605042,6024.0,-31.827627777983192,115.80434489159663,0.9583538189655463,85.12698412698413,2018.1680672268908,7.4033613445378155,747.0746716807042
Guildford,750958.8607594937,3.2151898734177213,1.5443037974683544,2.2847682119205297,731.1582278481013,163.9240506329114,1941.0198675496688,11792.183544303798,643.506329113924,6055.0,-31.898754864240505,115.97517454873417,0.8938186812056962,52.0,2015.4430379746836,6.7405063291139244,1261.93460165308
Gwelup,863702.1857923497,3.7923497267759565,2.0655737704918034,2.142857142857143,540.8360655737705,220.9016393442623,2000.0666666666666,10906.557377049181,2286.3387978142077,6018.0,-31.870057525081968,115.79620913606557,1.7411254436557377,127.30601092896175,2017.295081967213,6.573770491803279,1716.568292916879
Hamersley,560256.652892562,3.6115702479338845,1.5867768595041323,1.9741379310344827,744.5206611570248,165.10743801652893,1976.8403361344538,12210.743801652892,1649.9504132231405,6022.0,-31.85027776231405,115.81167316694214,1.4948559275619833,135.0,2017.611570247934,5.991735537190083,790.217323807122
Hamilton Hill,500102.5641025641,3.1538461538461537,1.435897435897436,2.108108108108108,780.0769230769231,136.98717948717947,1977.6666666666667,16261.538461538461,5069.2307692307695,6163.0,-32.08332180692308,115.78334968076923,0.8445444510564102,97.72727272727273,2019.179487179487,7.576923076923077,836.430386163067
Hammond Park,528643.679245283,3.811320754716981,1.9622641509433962,2.090909090909091,937.1698113207547,198.46226415094338,2008.6893203883494,23719.811320754718,4555.66037735849,6164.0,-32.16508113235849,115.84861550943397,2.782427659566038,129.0,2018.2830188679245,6.830188679245283,1035.1300674931656
Harrisdale,546854.4362416108,3.785234899328859,2.0268456375838926,2.2464788732394365,501.4161073825503,202.93288590604027,2010.7777777777778,19996.644295302012,6779.798657718121,6112.0,-32.12082453221477,115.93012338255032,1.2883284651818792,61.83892617449664,2018.7986577181207,6.751677852348993,1151.9297308415344
Haynes,265126.0869565217,3.5565217391304347,1.626086956521739,2.044776119402985,2422.278260869565,168.47826086956522,2010.3739130434783,23056.08695652174,2522.521739130435,6112.0,-32.158446833739134,115.98841617739131,0.9709601147608696,139.0,2013.0521739130436,6.165217391304348,452.7661502742719
Hazelmere,480822.7848101266,3.3544303797468356,1.4430379746835442,2.3484848484848486,4117.772151898735,158.83544303797467,1977.506329113924,13830.379746835442,1326.0,6055.0,-31.903230316962027,115.99330523164556,1.4635561339227847,55.6,2008.2911392405063,5.860759493670886,350.32007343468274
Heathridge,463023.828125,3.578125,1.4765625,1.7583333333333333,694.7265625,140.4765625,1986.3046875,23121.09375,1918.1171875,6027.0,-31.763029564843748,115.75825133515625,1.0065569614507812,94.6640625,2018.375,6.8671875,694.5632603777979
Helena Valley,609165.6804733728,3.911242603550296,1.9289940828402368,2.3950617283950617,1720.3254437869823,207.44970414201183,1996.9634146341464,16970.414201183434,4134.91124260355,6056.0,-31.916177476863908,116.03321293668638,3.2471791147928992,,2016.7337278106509,6.378698224852071,754.7786304436589
Henley Brook,615389.2009803922,3.950980392156863,2.0392156862745097,2.4472361809045227,4393.656862745098,205.25980392156862,2000.384236453202,20266.176470588234,10630.882352941177,6055.0,-31.800543775441177,115.97736303235294,1.28141911755049,56.55882352941177,2014.8333333333333,6.4068627450980395,659.685991996898
Herne Hill,608220.1754385965,3.5,1.4912280701754386,2.22,16933.298245614034,184.14912280701753,1978.780701754386,21040.122807017542,7532.096491228071,6056.0,-31.82864188482456,116.0293737885965,3.819399560798246,90.54385964912281,2010.719298245614,6.307017543859649,198.12725746554892
High Wycombe,435423.7804878049,3.6890243902439024,1.7073170731707317,2.0592105263157894,680.0670731707318,161.9268292682927,1994.2641509433963,13943.292682926829,5373.170731707317,6057.0,-31.93935204652439,116.00544067378048,3.97082657072561,134.3015873015873,2018.9817073170732,6.890243902439025,690.2316953813821
Highgate,790883.0263157894,2.789473684210526,1.4210526315789473,1.606060606060606,906.7631578947369,124.92105263157895,1964.0,1776.3157894736842,797.1578947368421,6003.0,-31.940155210789474,115.87077316315789,1.1246359837473683,9.0,2016.1842105263158,6.605263157894737,2647.624720734218
Hilbert,463561.36363636365,3.715909090909091,1.9659090909090908,2.3815789473684212,1157.465909090909,189.8409090909091,2010.8333333333333,27365.909090909092,3363.6363636363635,6112.0,-32.17282319113636,115.9860417465909,1.977371689396591,,2016.034090909091,6.829545454545454,767.4941810069795
Hillarys,930758.4507042253,3.8028169014084505,1.9577464788732395,2.0793650793650795,672.3521126760563,231.95774647887325,1992.8357142857142,19410.563380281692,3710.56338028169,6025.0,-31.807950772957746,115.74385357464787,1.0392991723992957,47.83802816901409,2019.1267605633802,7.02112676056338,1578.8439797312324
Hillman,302450.5747126437,3.396551724137931,1.2413793103448276,1.5449101796407185,730.5747126436781,131.33908045977012,1976.907514450867,37948.85057471264,829.948275862069,6168.0,-32.2835577904023,115.76430797356322,1.0946099549534483,97.0,2013.1494252873563,6.379310344827586,418.174007625378
Hilton,555069.3870967742,3.150537634408602,1.4408602150537635,1.9767441860465116,615.741935483871,128.3763440860215,1971.2391304347825,14625.806451612903,4324.731182795699,6163.0,-32.06798436408602,115.78561183225807,0.9511798075580645,96.75555555555556,2017.1720430107528,6.43010752688172,1014.5621333239616
Hocking,500639.34426229505,3.907103825136612,1.9508196721311475,2.123529411764706,602.4098360655738,190.21857923497268,2002.9502762430939,20612.021857923497,3843.1693989071036,6065.0,-31.77026536202186,115.81888248852458,1.2181089802797815,131.0,2018.2295081967213,6.404371584699454,880.2766616354169
Hope Valley,450416.6666666667,3.3333333333333335,1.6666666666666667,1.3333333333333333,18442.5,169.66666666666666,1985.3333333333333,26250.0,5833.333333333333,6165.0,-32.185508725,115.8222867,5.880943544333333,136.5,2002.8333333333333,8.0,28.361611479619565
Hopeland,724075.0,3.75,1.85,2.357142857142857,170135.05,217.9,1994.3684210526317,47825.0,12640.0,6125.0,-32.3806744605,115.885257355,7.65349932215,134.0,2006.55,6.65,4.798154399783332
Hovea,578225.0,3.74,1.93,2.5647058823529414,19098.48,227.61,1983.79,25132.0,10686.0,6071.0,-31.8872512668,116.113513987,3.1727069433399997,78.0,2006.98,7.08,50.51480689512007
Huntingdale,400517.5135135135,3.708108108108108,1.6972972972972973,2.2191011235955056,642.027027027027,151.52972972972972,1992.7173913043478,17534.054054054053,3707.5675675675675,6110.0,-32.08179503848648,115.9641467945946,1.4796646292421622,121.78918918918919,2017.162162162162,6.075675675675676,648.1239019055018
Iluka,894611.7924528302,4.15566037735849,2.169811320754717,2.18974358974359,645.5801886792453,273.64150943396226,2003.4086538461538,27033.962264150945,2324.056603773585,6028.0,-31.735513505471697,115.72990077122641,2.344754918231132,61.22641509433962,2018.1132075471698,7.240566037735849,1428.7602881876594
Inglewood,824133.9130434783,3.1826086956521737,1.6956521739130435,1.9272727272727272,536.6695652173913,160.95652173913044,1967.4778761061948,4520.869565217391,1490.0695652173913,6052.0,-31.918267835304345,115.88468831652175,1.3456389452600002,20.443478260869565,2018.1478260869565,6.478260869565218,1891.716488115492
Innaloo,552731.4666666667,3.1,1.65,1.9298245614035088,363.93333333333334,132.0,1995.75,9150.0,1178.2833333333333,6018.0,-31.891129750833333,115.79431246333334,1.7258912258833334,135.0,2018.6166666666666,6.783333333333333,1717.8631165973468
Jandabup,594807.6923076923,4.0,1.8846153846153846,3.4761904761904763,28412.5,249.0,1995.2307692307693,23192.30769230769,7369.2307692307695,6077.0,-31.74448475384615,115.84669127692308,3.5427510133076927,131.0,2004.3076923076924,6.576923076923077,22.818728810861753
Jandakot,737267.3944444444,4.038888888888889,2.2333333333333334,2.2857142857142856,1990.8222222222223,250.88888888888889,1999.6467065868264,16771.11111111111,2593.3333333333335,6164.0,-32.102714233444445,115.85548297444444,1.2723899515494443,91.83333333333333,2015.9,6.544444444444444,1035.0768686034228
Jane Brook,506568.1641791045,3.945273631840796,1.9751243781094527,2.263959390862944,689.681592039801,193.85572139303483,2002.065,20767.66169154229,5797.512437810945,6056.0,-31.86305409845771,116.05176434378109,2.8283621120696516,93.0,2016.6268656716418,6.537313432835821,762.1946659123716
Jarrahdale,543730.8333333334,3.7083333333333335,1.8166666666666667,2.710526315789474,6901.108333333334,192.84166666666667,1987.364406779661,46712.5,20871.666666666668,6124.0,-32.33774281466667,116.0545154825,9.666852822575,,2014.2,6.158333333333333,258.1554921041803
Jindalee,610807.3394495413,3.81651376146789,2.0458715596330275,2.1067961165048543,509.0091743119266,222.8348623853211,2010.4117647058824,37608.25688073395,1707.3394495412845,6036.0,-31.64602998082569,115.69105290917432,1.9035565233119265,39.0,2017.6146788990825,6.385321100917431,1258.8913832583744
Jolimont,1051971.31147541,3.3278688524590163,1.8360655737704918,1.95,834.983606557377,186.62295081967213,1978.032786885246,4677.049180327869,783.0983606557377,6014.0,-31.9460320647541,115.80991543278688,1.6654905982459016,14.0,2014.377049180328,6.557377049180328,2231.8483963765552
Joondalup,521552.8703703704,3.5555555555555554,1.9259259259259258,1.8584905660377358,720.4166666666666,172.7037037037037,1996.7714285714285,26201.85185185185,1139.861111111111,6027.0,-31.73062278638889,115.76576074074075,1.3333368257157407,81.11111111111111,2018.7222222222222,6.962962962962963,1020.7653344370884
Joondanna,624365.6626506024,3.1566265060240966,1.6024096385542168,2.0384615384615383,590.722891566265,154.59036144578315,1982.283950617284,5122.891566265061,1489.3493975903614,6060.0,-31.910101639759038,115.83742808433733,0.989014812593976,66.48192771084338,2017.7228915662652,7.120481927710843,1499.8081040390723
Kalamunda,679729.4117647059,3.7058823529411766,1.811764705882353,2.4342105263157894,1898.1411764705883,194.76470588235293,1979.0,18612.941176470587,10083.529411764706,6076.0,-31.978520859294118,116.05335874941176,1.0673886503047059,106.5,2018.2470588235294,6.858823529411764,459.17305575734014
Kallaroo,813718.75,3.888888888888889,2.0069444444444446,1.9716312056737588,758.5138888888889,225.22916666666666,1985.2198581560283,21108.333333333332,3597.222222222222,6025.0,-31.789927645208333,115.74496490694443,1.1210753264673612,59.52777777777778,2017.5208333333333,6.868055555555555,1127.8641222616857
Karawara,672787.8588235294,3.8294117647058825,1.8294117647058823,2.152317880794702,620.964705882353,196.28235294117647,1993.6727272727273,6582.35294117647,2475.294117647059,6152.0,-32.00784770947059,115.88226373588235,1.0337714745305882,87.0,2011.4941176470588,6.241176470588235,1163.611355577492
Kardinya,667850.671641791,3.8656716417910446,2.0,2.2153846153846155,707.6417910447761,191.98507462686567,1987.65625,13186.567164179105,3332.8358208955224,6163.0,-32.06480262940299,115.81579672835821,1.1065493448373134,34.38461538461539,2018.5223880597016,7.298507462686567,1028.304313043024
Karnup,668196.9545454546,3.8181818181818183,1.9848484848484849,3.066666666666667,13890.727272727272,213.86363636363637,2004.090909090909,52665.15151515151,9260.60606060606,6176.0,-32.42230481787879,115.7834566439394,3.4246178169545454,35.0,2014.1363636363637,6.636363636363637,324.1592398187706
Karragullen,471761.36363636365,3.727272727272727,1.6818181818181819,2.3225806451612905,25005.863636363636,231.11363636363637,1989.4418604651162,28895.454545454544,9256.818181818182,6111.0,-32.100464903636365,116.11035737954545,8.950399138909091,89.64,2007.7954545454545,7.0227272727272725,75.29100494358953
Karrinyup,959109.9137931034,3.560344827586207,1.9655172413793103,2.215686274509804,619.5258620689655,218.47413793103448,1989.3739130434783,11515.51724137931,2962.9310344827586,6018.0,-31.873924626206897,115.77965208189654,1.3898613557810344,20.30909090909091,2018.7931034482758,6.431034482758621,1734.091040986985
Kelmscott,371619.4690265487,3.47787610619469,1.6283185840707965,2.2,2058.380530973451,154.5486725663717,1984.58407079646,24045.132743362832,1069.2477876106195,6111.0,-32.11919388982301,116.01999866106195,1.2320489618008847,85.3103448275862,2018.7079646017698,7.327433628318584,491.2658088838171
Kensington,929288.2739726028,3.404109589041096,1.7876712328767124,2.246376811594203,615.5068493150685,177.32876712328766,1956.3309352517986,4076.027397260274,2793.8356164383563,6151.0,-31.983107850068492,115.88138045753423,1.0213983883684932,67.13698630136986,2016.458904109589,7.089041095890411,1671.8100403042718
Kenwick,397629.5133333333,3.6133333333333333,1.6,2.0965517241379312,983.9266666666666,136.37333333333333,1989.857142857143,14919.333333333334,1307.9466666666667,6107.0,-32.036088199333335,115.98189607466665,0.8296181628633333,,2016.3733333333332,6.1866666666666665,626.995953996351
Kewdale,515815.29411764705,3.376470588235294,1.6235294117647059,1.925,667.3294117647059,158.3294117647059,1990.280487804878,7502.35294117647,2581.176470588235,6105.0,-31.974136069764704,115.93390864235293,0.781240776877647,92.47058823529412,2017.894117647059,6.976470588235294,1083.1490769489144
Keysbrook,772777.7777777778,3.3333333333333335,1.6666666666666667,2.375,105824.11111111111,206.0,1966.5,58011.11111111111,32400.0,6126.0,-32.458621282222225,116.0025875888889,16.58681267,,2010.0,7.666666666666667,15.39289930042904
Kiara,428285.71428571426,3.6666666666666665,1.6666666666666667,2.138888888888889,636.8095238095239,149.52380952380952,1993.2928571428572,10817.00680272109,2831.9727891156463,6054.0,-31.882419769863944,115.93845921292517,0.686458969870068,117.0,2013.3061224489795,6.666666666666667,746.7767731086393
Kingsley,583094.1176470588,3.8705882352941177,1.811764705882353,2.0123456790123457,696.0588235294117,178.2235294117647,1984.45,16852.941176470587,1528.2117647058824,6026.0,-31.810342138588236,115.79718068470588,0.9829910181423529,55.6578947368421,2019.0588235294117,7.094117647058823,862.3381030629704
Kinross,500355.1724137931,3.9931034482758623,2.0068965517241377,2.0567375886524824,626.3862068965517,181.18620689655174,1997.7606837606838,28533.793103448275,1545.2206896551725,6028.0,-31.71721799744828,115.73845816,2.846142774813793,80.0,2018.1586206896552,6.558620689655172,813.0972132372174
Koondoola,385320.11188811186,3.2587412587412588,1.0909090909090908,1.9558823529411764,723.7482517482517,114.81818181818181,1978.5073529411766,12220.279720279721,6232.867132867133,6064.0,-31.842517726363635,115.86203626363636,0.8074024193622378,46.0,2015.3426573426573,6.685314685314685,542.2760079635519
Koongamia,283795.3021582734,2.79136690647482,1.1151079136690647,1.4566929133858268,738.2877697841726,107.15827338129496,1968.3695652173913,18060.43165467626,4287.769784172662,6056.0,-31.906947561942445,116.04245758273382,2.186784524158273,,2010.4388489208634,6.884892086330935,392.78518062481436
Kwinana Beach,170000.0,3.0,1.0,2.0,92333.0,140.0,1970.0,33400.0,3300.0,6167.0,-32.24665,115.7886,2.635620141,138.0,1989.0,5.0,1.8411618814508355
Kwinana Town Centre,185598.32352941178,3.0,1.7647058823529411,2.0,203.7941176470588,109.82352941176471,2014.9705882352941,32558.823529411766,2405.8823529411766,6167.0,-32.24240453411765,115.81525577058824,0.4650594831764706,138.0,2013.5588235294117,6.588235294117647,917.7649884175926
Landsdale,551263.2848101265,4.018987341772152,2.0,2.0340136054421767,563.867088607595,213.24683544303798,2006.0266666666666,16000.0,7674.050632911392,6065.0,-31.808620545506326,115.86368199240505,0.9307458364702532,75.0,2019.0506329113923,7.1265822784810124,1012.5704423711179
Langford,409908.45070422534,3.507042253521127,1.5,1.8489208633093526,646.9929577464789,131.61267605633802,1987.8014184397164,12501.408450704226,1468.1408450704225,6147.0,-32.040327216267606,115.94080341549297,0.8702096735866901,85.0,2016.1338028169014,6.366197183098592,715.7091548404699
Lathlain,726986.1111111111,3.3472222222222223,1.625,2.6142857142857143,628.4027777777778,174.38888888888889,1979.768115942029,4804.166666666667,591.8611111111111,6100.0,-31.96793820638889,115.90613206111112,0.5726516175527778,41.0,2016.2777777777778,6.513888888888889,1305.3520798861728
Leda,337275.15,3.7625,1.8,1.974025974025974,597.75,152.9375,2000.7763157894738,35061.25,1087.925,6170.0,-32.264031615,115.80616442875001,1.1827355907375001,,2015.8,6.0875,574.5206460151293
Leederville,859113.6363636364,3.0,1.8181818181818181,1.9523809523809523,402.0,158.77272727272728,1978.2272727272727,2945.4545454545455,995.7272727272727,6007.0,-31.930383201818184,115.84164258636362,0.4959875528418182,106.0,2017.5454545454545,6.409090909090909,2627.5311661631295
Leeming,711187.3786407767,4.029126213592233,2.0194174757281553,2.1862745098039214,721.9320388349514,208.2135922330097,1987.3431372549019,13618.446601941747,1897.7475728155339,6149.0,-32.07409197669903,115.86603473009708,0.934311007592233,66.25242718446601,2018.8058252427184,7.058252427184466,1009.39614868533
Lesmurdie,671163.8655462185,3.9831932773109244,1.815126050420168,2.890909090909091,1703.7731092436975,204.9747899159664,1978.607142857143,19175.63025210084,8589.915966386554,6076.0,-32.00103043529412,116.05341325966386,0.8579296453815126,81.08403361344538,2017.7226890756303,6.705882352941177,423.2182847760734
Lockridge,354943.00662251655,3.2317880794701987,1.3311258278145695,1.8972602739726028,644.7880794701987,110.23841059602648,1981.8456375838925,11608.609271523179,2176.158940397351,6054.0,-31.882315442317882,115.9500128807947,1.559408819989404,,2015.5562913907286,6.490066225165563,648.1305282434405
Lynwood,428731.4285714286,3.3142857142857145,1.4095238095238096,1.9801980198019802,820.7142857142857,131.7904761904762,1981.049019607843,11750.47619047619,2468.5714285714284,6147.0,-32.03910550580952,115.92945952190476,0.9071412089352381,86.72549019607843,2016.4190476190477,7.057142857142857,747.4841658129592
Maddington,344360.4651162791,3.441860465116279,1.4883720930232558,1.8625,945.5930232558139,136.97674418604652,1989.1927710843374,17256.976744186046,1727.5697674418604,6109.0,-32.051151211744184,115.99914006627907,1.5764876634023255,122.0,2018.3255813953488,7.116279069767442,600.7227519335904
Madeley,588321.9030303031,3.806060606060606,2.036363636363636,2.324675324675325,588.4787878787879,209.75757575757575,2006.2883435582821,16272.121212121212,4181.212121212121,6065.0,-31.80868478690909,115.82638625757576,1.1218937489157577,50.0,2018.0,6.7272727272727275,1138.318346302077
Mahogany Creek,454509.44881889765,3.52755905511811,1.7480314960629921,2.1142857142857143,6179.188976377953,194.2755905511811,1982.336,26608.661417322834,12795.27559055118,6072.0,-31.90571294968504,116.13512239291339,3.8376793103228346,78.0,2007.8110236220473,6.503937007874016,175.96164095684875
Maida Vale,589742.7777777778,3.911111111111111,1.9166666666666667,2.640449438202247,2024.4222222222222,180.2,1993.337142857143,15280.0,7178.888888888889,6057.0,-31.953945993222224,116.02041840777777,2.62346830574,137.0,2017.0944444444444,6.472222222222222,631.7742835468916
Manning,839030.2185430464,3.642384105960265,1.9271523178807948,2.1013513513513513,620.4966887417219,186.71523178807948,1993.3055555555557,6903.311258278146,1416.23178807947,6152.0,-32.013527090529806,115.86953013642383,0.9369795448145695,64.96026490066225,2017.7549668874171,6.158940397350993,1474.4842949283163
Marangaroo,415592.4369747899,3.73109243697479,1.6890756302521008,1.9741379310344827,832.1512605042017,150.57983193277312,1992.6666666666667,14069.747899159664,4950.420168067227,6064.0,-31.82683789,115.84132262689074,1.1782605240663864,65.78947368421052,2018.2605042016808,6.436974789915967,700.203830774816
Mardella,538267.7049180327,4.032786885245901,1.819672131147541,2.723404255319149,32698.016393442624,232.50819672131146,1997.9666666666667,41386.88524590164,16980.32786885246,6125.0,-32.310064828688525,115.97660461803278,4.805699565491803,,2008.72131147541,6.918032786885246,110.68574478234642
Mariginiup,699627.094017094,4.153846153846154,2.0683760683760686,3.0344827586206895,18622.017094017094,258.008547008547,1993.211009174312,27517.94871794872,9071.794871794871,6078.0,-31.706301696923077,115.84166411794871,4.611411454743591,99.66666666666667,2005.3675213675215,6.230769230769231,62.30576502244111
Marmion,1014024.8226950355,3.851063829787234,2.120567375886525,2.3115942028985508,830.8794326241135,227.75886524822695,1988.0,15654.609929078015,3721.276595744681,6020.0,-31.841399964680853,115.75695776170213,1.7950760365673757,27.04255319148936,2014.3049645390072,6.404255319148936,1567.9652039232594
Martin,578074.3243243244,3.689189189189189,1.6486486486486487,2.5625,7086.148648648648,192.44594594594594,1985.1971830985915,20083.783783783783,1627.972972972973,6110.0,-32.07148781662162,116.01844576351353,1.5472759069851352,115.35135135135135,2013.9054054054054,6.108108108108108,286.95564647281475
Maylands,739668.9230769231,3.1384615384615384,1.7538461538461538,2.0392156862745097,637.5846153846154,171.1846153846154,1984.2923076923078,4486.723076923077,1124.2615384615385,6051.0,-31.93585737107692,115.90155536,2.252884358723077,26.379310344827587,2019.553846153846,8.261538461538462,1741.4493770523804
Medina,271981.13445378153,2.9411764705882355,1.1764705882352942,1.8217821782178218,762.8319327731092,105.26050420168067,1962.5213675213674,31792.436974789915,3428.5714285714284,6167.0,-32.23415164504202,115.80549640672268,1.0505974352462184,138.0,2015.8067226890757,6.773109243697479,384.3131060019008
Melville,795250.0,3.4056603773584904,1.6981132075471699,2.019607843137255,638.8679245283018,177.1509433962264,1982.1809523809525,11207.547169811322,4733.962264150943,6156.0,-32.04034314386792,115.80159362452831,0.9015672093603773,61.0,2018.622641509434,6.877358490566038,1480.0641709378683
Menora,1172634.8484848484,3.5636363636363635,1.8,2.1806451612903226,820.030303030303,245.88484848484848,1959.5341614906831,3656.3636363636365,3124.242424242424,6050.0,-31.919464447454548,115.86092409636363,0.9268380592709091,20.0,2012.418181818182,6.242424242424242,1511.796054741885
Merriwa,333189.2718446602,3.7475728155339807,1.8398058252427185,2.391089108910891,580.9514563106796,140.05825242718447,1999.079207920792,35000.48543689321,3194.660194174757,6030.0,-31.66355479237864,115.71214845291261,0.4845179446203398,106.52380952380952,2017.0533980582525,6.635922330097087,597.5674878504832
Middle Swan,410416.89864864864,3.4121621621621623,1.5608108108108107,1.8467153284671534,2231.425675675676,135.3783783783784,1987.1629629629629,17700.0,2945.945945945946,6056.0,-31.870601567094592,116.01960687702703,1.4263419000412163,73.54054054054055,2014.7905405405406,6.391891891891892,604.5480223039889
Midland,423032.7868852459,2.9508196721311477,1.5081967213114753,1.9074074074074074,1064.4426229508197,113.85245901639344,1977.0666666666666,16372.131147540984,1472.5737704918033,6056.0,-31.88324956819672,116.01195807540984,0.9166462977754098,54.604166666666664,2016.5409836065573,7.098360655737705,824.5389857128466
Midvale,357054.61616161617,3.101010101010101,1.2727272727272727,1.6736842105263159,872.1717171717172,124.63636363636364,1975.52688172043,17169.696969696968,2267.6767676767677,6056.0,-31.889118395959596,116.0246913040404,1.4572541541141413,,2014.2626262626263,6.232323232323233,520.68558448057
Millendon,694513.8888888889,3.8333333333333335,1.8333333333333333,2.7241379310344827,28231.027777777777,220.86111111111111,1982.1714285714286,23269.444444444445,9794.444444444445,6056.0,-31.808349981111107,116.04019215277779,5.395204214,56.333333333333336,2007.0555555555557,7.111111111111111,33.655355546027636
Mindarie,725433.4928229665,4.033492822966507,2.1674641148325358,2.0862944162436547,644.1196172248804,237.96172248803828,2000.6699029126214,32870.33492822966,3037.799043062201,6030.0,-31.68631922344498,115.70783994114832,0.8178068537272727,112.75,2018.9617224880383,7.22488038277512,1277.2922922532773
Mirrabooka,399135.41007194243,3.5899280575539567,1.410071942446043,1.9112903225806452,670.4604316546763,131.71942446043167,1990.1555555555556,10631.654676258993,6882.014388489209,6061.0,-31.85695971402878,115.86558925539569,0.9516481611165467,39.8125,2016.4964028776978,6.237410071942446,661.9246791041967
Morley,462455.22388059704,3.1940298507462686,1.4179104477611941,2.036363636363636,765.4029850746268,147.8507462686567,1979.671875,8552.23880597015,3798.507462686567,6062.0,-31.886828846417913,115.90551599104477,1.3092091239,98.18032786885246,2019.6716417910447,7.970149253731344,854.2487360347499
Mosman Park,1398858.9108910891,3.603960396039604,1.9405940594059405,2.010989010989011,592.4455445544554,210.20792079207922,1976.0408163265306,11352.475247524753,979.1089108910891,6012.0,-32.01456340574257,115.7639156029703,0.9538068519277227,15.514851485148515,2018.2475247524753,7.0495049504950495,2620.306103653709
Mount Claremont,1279029.725925926,3.688888888888889,2.096296296296296,2.1384615384615384,830.8518518518518,227.11111111111111,1992.3684210526317,7344.444444444444,1347.3333333333333,6010.0,-31.965180522814816,115.78280837333334,0.89593994382,8.577777777777778,2017.585185185185,7.42962962962963,2396.0754861097143
Mount Hawthorn,993565.4672897196,3.1682242990654204,1.644859813084112,1.88,487.01869158878503,163.6355140186916,1956.7904761904763,4220.560747663551,1400.588785046729,6016.0,-31.9201377782243,115.83562381682243,0.898935849071028,102.69354838709677,2018.2242990654206,7.5233644859813085,2209.4009545244194
Mount Helena,560949.0445859872,3.732484076433121,1.6687898089171975,2.797202797202797,10337.649681528663,180.94904458598725,1988.575163398693,34403.82165605095,19901.910828025477,6082.0,-31.869324014203823,116.20947706687899,1.5043196421566878,105.0,2015.936305732484,6.598726114649682,194.94389813059462
Mount Lawley,1048551.282051282,3.230769230769231,1.6282051282051282,1.945945945945946,681.2435897435897,170.65384615384616,1952.6666666666667,2882.051282051282,946.3846153846154,6050.0,-31.93118391371795,115.87555445384616,0.7647812822320512,10.974358974358974,2019.3076923076924,7.32051282051282,2131.5179067128565
Mount Nasura,479858.14814814815,3.562962962962963,1.6814814814814816,2.484375,1372.1925925925925,173.8740740740741,1981.8253968253969,25945.185185185186,1358.2740740740742,6112.0,-32.13816067348148,116.02454501111112,1.5967924030844445,56.0,2015.414814814815,6.318518518518519,470.59939748083053
Mount Pleasant,1209374.611111111,3.7685185185185186,2.185185185185185,2.11,554.3703703703703,234.41666666666666,1990.0740740740741,8569.444444444445,1558.3148148148148,6153.0,-32.02863092101852,115.84836800185185,1.3122746825898148,28.694444444444443,2018.7962962962963,6.361111111111111,2282.121889139181
Mount Richon,530459.3129770992,3.8091603053435112,1.8854961832061068,2.5196850393700787,1809.2900763358778,193.3969465648855,1989.5403225806451,27688.549618320612,1141.1145038167938,6112.0,-32.15953321091603,116.02105030381679,0.9731057715687023,,2014.8778625954199,6.343511450381679,446.2708709164777
Mullaloo,741376.8656716418,3.8208955223880596,1.9477611940298507,2.046511627906977,745.5671641791045,191.1865671641791,1986.045112781955,22152.238805970148,3330.597014925373,6027.0,-31.778567333955223,115.74459005,1.6658022104679104,82.9776119402985,2017.7611940298507,6.141791044776119,1032.4670665015376
Mundaring,652875.674074074,3.740740740740741,1.8592592592592592,2.6666666666666665,4799.214814814814,199.6888888888889,1990.1475409836066,29673.333333333332,15736.296296296296,6073.0,-31.900280440814814,116.16687400148149,1.560461641594074,,2016.4,6.4,290.6925084479741
Mundijong,395887.12,3.368,1.536,2.0458715596330275,4376.648,161.424,1985.2666666666667,39477.6,15404.0,6123.0,-32.29050151776,115.9841967552,2.4509878247279997,,2011.744,6.68,276.37530642091536
Munster,1030000.0,4.0,1.0,2.0,20000.0,218.0,1980.0,22500.0,5300.0,6166.0,-32.14977882,115.8106937,3.106256367,,2020.0,3.0,51.5
Murdoch,710713.3461538461,3.9423076923076925,2.048076923076923,2.0784313725490198,710.8269230769231,196.8653846153846,1990.1650485436894,12407.692307692309,1722.923076923077,6150.0,-32.06147821346154,115.83331654615384,1.0076442111846153,24.0,2013.9038461538462,6.423076923076923,1152.1606637435827
Myaree,684020.618556701,3.2371134020618557,1.5463917525773196,1.913978494623656,1281.701030927835,148.0,1986.031914893617,10574.226804123711,3836.082474226804,6154.0,-32.039460750824745,115.81454698969073,1.1690319933103093,58.21649484536083,2016.3298969072166,7.072164948453608,1387.620245066389
Naval Base,1408000.0,3.0,1.0,,2614.0,558.0,2002.0,28500.0,6400.0,6165.0,-32.20141,115.78739,4.843566385,138.0,2013.0,7.0,538.6381025248661
Nedlands,1647441.826923077,3.6923076923076925,2.0288461538461537,2.4343434343434343,819.5961538461538,228.10576923076923,1954.5588235294117,6021.153846153846,1848.1442307692307,6009.0,-31.979865525384618,115.80445964326924,2.0618825685990383,9.307692307692308,2018.423076923077,6.634615384615385,2185.111604941271
Neerabup,773500.0,3.5,2.0,2.5,29769.25,215.625,1987.142857142857,31675.0,1925.0,6031.0,-31.68176197125,115.7541084875,2.68988485025,,2006.125,6.25,32.485936713595244
Nollamara,352064.10256410256,2.9743589743589745,1.6666666666666667,1.7297297297297298,508.2307692307692,110.97435897435898,2000.3846153846155,8176.923076923077,4043.5897435897436,6061.0,-31.880095217692308,115.84373273333334,1.2378251160564102,135.0,2019.025641025641,6.897435897435898,1020.5871536518846
Noranda,582302.8846153846,3.9711538461538463,2.019230769230769,2.54,772.1057692307693,205.54807692307693,1986.3131313131314,9369.23076923077,5470.192307692308,6062.0,-31.875255545865382,115.89770216153846,1.3065456196423075,101.84782608695652,2018.0865384615386,6.634615384615385,823.0278820705425
North Beach,1038234.5360824743,3.422680412371134,1.9381443298969072,2.0,635.7835051546392,189.7835051546392,1988.3626373626373,13813.40206185567,4058.762886597938,6020.0,-31.86188435329897,115.75886264639175,1.6439492105783506,29.2680412371134,2016.9690721649486,7.072164948453608,2224.9062667743665
North Coogee,1160017.0212765958,3.8297872340425534,2.3617021276595747,2.2888888888888888,772.3191489361702,285.2340425531915,2011.7560975609756,18376.59574468085,5038.297872340426,6163.0,-32.09493968425532,115.76173222978724,2.2957741752978724,128.0,2017.936170212766,6.957446808510638,3036.0149736717235
North Fremantle,1223992.957746479,3.1267605633802815,1.943661971830986,1.8955223880597014,595.5352112676056,195.38028169014083,1979.246153846154,13154.929577464789,618.7042253521126,6159.0,-32.03156520014085,115.75566549718309,1.8249571022676057,23.535211267605632,2017.3239436619717,6.690140845070423,3306.9024927244122
North Lake,626045.8015267176,3.931297709923664,1.9694656488549618,2.1584158415841586,693.9312977099237,210.38931297709922,1992.4505494505495,14686.259541984733,2675.5725190839694,6163.0,-32.08158773687023,115.8311097480916,1.165273034119084,87.71666666666667,2011.679389312977,6.519083969465649,928.1150909636142
North Perth,849586.6666666666,2.973333333333333,1.5866666666666667,1.9420289855072463,424.53333333333336,146.78666666666666,1958.7391304347825,2826.6666666666665,1943.8266666666666,6006.0,-31.927585518133334,115.85348267466667,1.0441763596626668,83.18666666666667,2019.2133333333334,6.906666666666666,2321.8486950796882
Northbridge,721636.3636363636,2.4545454545454546,1.7272727272727273,1.5,647.5454545454545,141.63636363636363,1972.0,1254.1818181818182,1175.1818181818182,6003.0,-31.94531360363636,115.85687883636363,1.0028876897090908,,2014.8181818181818,5.818181818181818,2031.3886892176836
O'Connor,501250.0,3.0,1.625,2.75,574.25,132.25,1987.625,13750.0,4450.0,6163.0,-32.0622893675,115.79362516249999,1.28448674775,91.0,2013.125,3.25,1065.1720736634734
Oakford,835467.7419354839,4.21505376344086,2.064516129032258,3.3780487804878048,18297.139784946237,261.93548387096774,1999.0128205128206,29443.010752688173,8000.0,6121.0,-32.20659855731183,115.94402617204301,5.178742200408602,118.4,2015.4193548387098,7.172043010752688,63.767584434815475
Ocean Reef,794405.0458715596,4.064220183486238,2.128440366972477,2.1782178217821784,763.9357798165138,234.6880733944954,1991.85,24513.761467889908,3376.146788990826,6027.0,-31.757913312660552,115.73701947247707,0.8780732310247706,73.43119266055047,2018.1376146788991,6.137614678899083,1066.147111135069
Oldbury,770338.1923076923,4.076923076923077,1.8461538461538463,2.6,92374.26923076923,220.3846153846154,1989.85,34692.307692307695,7215.384615384615,6121.0,-32.26114910384616,115.90562580384615,5.985879843884616,,2007.1153846153845,6.846153846153846,25.348735412801837
Orange Grove,728402.1739130435,3.9347826086956523,2.0434782608695654,3.0256410256410255,13770.673913043478,232.8695652173913,1982.6052631578948,17647.82608695652,3884.782608695652,6109.0,-32.03422782195652,116.01867673478262,2.8611857367826086,64.94117647058823,2008.6521739130435,7.239130434782608,65.58764376861684
Orelia,313241.1379310345,3.579310344827586,1.5931034482758621,1.9333333333333333,687.7379310344828,141.80689655172415,1989.0882352941176,31340.0,1829.7724137931034,6167.0,-32.232123996,115.82374818344829,1.1843438425351724,138.0,2017.2068965517242,6.655172413793103,517.7621938365564
Osborne Park,499711.1111111111,2.977777777777778,1.511111111111111,2.1463414634146343,811.9333333333333,127.64444444444445,1988.3809523809523,6517.777777777777,1491.2666666666667,6017.0,-31.90077883111111,115.8259752511111,0.9242978655599999,65.0,2017.8,7.2444444444444445,1323.7781388591256
Padbury,546701.052631579,3.557894736842105,1.4526315789473685,1.6896551724137931,731.1789473684211,149.22105263157894,1981.2289156626507,18555.78947368421,1566.8105263157895,6025.0,-31.805009174315792,115.7669113905263,1.6350702063947369,43.38947368421053,2018.6736842105263,7.073684210526316,797.5166555541788
Palmyra,680308.1395348837,3.36046511627907,1.5930232558139534,2.0481927710843375,669.0348837209302,145.1046511627907,1981.860759493671,12250.0,3668.6046511627906,6157.0,-32.0433321222093,115.78625497790698,1.8531004653255814,53.883720930232556,2019.139534883721,7.488372093023256,1273.2755925660217
Parkerville,624975.8503401361,3.639455782312925,1.748299319727891,2.859259259259259,8825.299319727892,189.76190476190476,1987.7328244274809,27924.48979591837,13291.836734693878,6081.0,-31.87336718578231,116.13903601836735,4.748842596843537,78.0,2014.5850340136055,6.73469387755102,193.23358368843486
Parkwood,476788.7155172414,3.5517241379310347,1.4655172413793103,1.926605504587156,807.3534482758621,140.91379310344828,1981.6574074074074,11741.379310344828,3626.7241379310344,6147.0,-32.04661488974138,115.9141127612069,0.7946427312103449,95.67647058823529,2017.1206896551723,7.25,754.4770721351812
Parmelia,277053.0701754386,3.5526315789473686,1.4210526315789473,1.9680851063829787,691.640350877193,128.40350877192984,1986.4903846153845,32869.29824561404,1584.0701754385964,6167.0,-32.24615817508772,115.82666386052631,1.0707252129403508,138.0,2017.421052631579,6.684210526315789,411.0890824713459
Pearsall,488438.3561643836,3.664383561643836,2.0136986301369864,2.2214285714285715,532.8835616438356,177.36301369863014,2008.014705882353,19335.616438356163,3904.109589041096,6065.0,-31.781860323356167,115.81898479178082,0.7868157807321918,,2017.2671232876712,6.760273972602739,1097.645272807044
Peppermint Grove,1793548.780487805,3.4146341463414633,2.024390243902439,2.230769230769231,1298.560975609756,224.09756097560975,1980.5142857142857,10402.439024390244,598.4634146341464,6011.0,-32.0001479604878,115.76443951707317,0.4729772043073171,5.2926829268292686,2013.0,5.804878048780488,2402.9973080649343
Piara Waters,518168.2242990654,3.7663551401869158,1.9813084112149533,2.262135922330097,498.89719626168227,191.39252336448598,2011.72,20673.831775700935,5882.242990654206,6112.0,-32.13074249009346,115.91905025514019,2.7244743238785047,62.0,2018.8878504672898,7.252336448598131,1100.3972679183155
Pickering Brook,640513.8888888889,3.7222222222222223,1.5555555555555556,2.7857142857142856,23626.777777777777,186.38888888888889,1979.6666666666667,27394.444444444445,14222.222222222223,6076.0,-32.03511645888889,116.13203022777778,4.322984718777778,,2008.888888888889,6.277777777777778,115.61147178859713
Port Kennedy,367967.20430107525,3.9086021505376345,1.9516129032258065,2.1807909604519775,645.9731182795699,180.9731182795699,2000.564417177914,46442.47311827957,3970.967741935484,6172.0,-32.36013137586021,115.75582018978494,1.7985022453731183,51.0,2019.0376344086021,6.935483870967742,597.1848420390152
Queens Park,471695.0,3.61,1.88,2.032608695652174,525.23,152.13,2000.0238095238096,9991.0,965.09,6107.0,-32.0033926449,115.94580795399999,0.7370676477460001,52.8,2017.16,5.81,1053.6740374224976
Quinns Rocks,504741.987654321,3.808641975308642,1.9259259259259258,2.08,665.4876543209876,177.74074074074073,1997.3862068965518,35639.50617283951,3088.2716049382716,6030.0,-31.662739479320987,115.69795395987654,1.1664745909018517,89.75342465753425,2018.962962962963,6.679012345679013,789.0008519706606
Redcliffe,465941.72185430466,3.5364238410596025,1.7682119205298013,2.0354609929078014,580.8543046357615,148.58940397350995,1993.941605839416,8413.245033112582,4254.9668874172185,6104.0,-31.94456037754967,115.94715648410596,2.0568441871258276,57.0,2016.794701986755,6.675496688741722,981.3436483950082
Ridgewood,405097.311827957,3.817204301075269,2.0053763440860215,2.122905027932961,529.0967741935484,172.9731182795699,2006.2692307692307,34874.1935483871,3089.2473118279568,6030.0,-31.661402084408603,115.72184878763441,1.054432619477957,120.0,2016.6182795698924,6.591397849462366,819.5470381248787
Riverton,667357.8842105264,3.610526315789474,1.768421052631579,1.9230769230769231,609.5157894736842,168.96842105263158,1988.7555555555555,9944.21052631579,3978.9473684210525,6148.0,-32.03504810242105,115.89727781473684,1.5867898529231579,66.7936507936508,2017.3263157894737,6.589473684210526,1237.9428558919412
Rivervale,592584.9206349206,3.3015873015873014,1.5714285714285714,2.142857142857143,736.7142857142857,157.015873015873,1981.593220338983,5453.9682539682535,1506.3650793650793,6103.0,-31.960335580952382,115.91578529206349,1.3485581517666667,57.0,2019.0,6.5396825396825395,1015.604164237857
Rockingham,430631.47191011236,3.550561797752809,1.6292134831460674,1.853658536585366,802.9662921348314,170.4943820224719,1991.183908045977,39006.74157303371,2948.5842696629215,6168.0,-32.2856630505618,115.7321355764045,0.9819683303213483,123.0,2019.3483146067415,7.247191011235955,801.4972232701895
Roleystone,605486.4406779661,3.9322033898305087,2.0,3.1171171171171173,5500.177966101695,219.1864406779661,1990.392857142857,27480.508474576272,5900.847457627118,6111.0,-32.1173858561017,116.07497484576271,5.9358795627033905,98.98989898989899,2017.6101694915253,6.635593220338983,244.59693487590272
Rossmoyne,1171435.56302521,3.8907563025210083,2.008403361344538,2.4504504504504503,784.453781512605,236.28571428571428,1982.1140350877192,9689.0756302521,1633.7478991596638,6148.0,-32.03886324100841,115.86822533865545,0.8762859294462184,17.49579831932773,2015.7394957983192,6.571428571428571,1565.9480510313279
Safety Bay,446946.07843137253,3.6372549019607843,1.7647058823529411,2.152173913043478,761.3823529411765,168.00980392156862,1983.3263157894737,40927.450980392154,3126.470588235294,6169.0,-32.30402793205882,115.73304741078432,1.0231558464490196,136.0,2018.637254901961,7.490196078431373,603.3209287896977
Salter Point,1172450.0,3.769230769230769,2.111888111888112,2.3576642335766422,645.048951048951,245.28671328671328,1989.8636363636363,7876.923076923077,1818.6573426573427,6152.0,-32.02246616524476,115.86752949020979,0.8691832746020979,23.0,2015.972027972028,6.699300699300699,1993.948381269379
Samson,567114.0,3.68,1.728,2.0756302521008405,843.072,171.232,1982.0350877192982,14343.2,4997.6,6163.0,-32.07016985984,115.7978250448,0.59273460412768,91.0,2013.664,6.552,793.1053142825814
Sawyers Valley,476987.6984126984,3.6587301587301586,1.7063492063492063,2.75,12217.873015873016,186.6984126984127,1985.5,33195.23809523809,19264.285714285714,6074.0,-31.898656455873013,116.20446547301587,1.9673491831761907,105.0,2009.4444444444443,6.087301587301587,120.18567388876585
Scarborough,726936.6885245901,3.2295081967213113,1.721311475409836,1.9642857142857142,661.9344262295082,159.55737704918033,1987.6333333333334,10482.393442622952,3433.0,6019.0,-31.895271783934426,115.76914564590163,1.0292013363065573,7.0,2019.5737704918033,7.786885245901639,1723.3248249317635
Secret Harbour,485088.83248730964,3.964467005076142,2.0558375634517767,2.1989528795811517,648.6497461928934,215.94416243654823,2004.638888888889,51372.081218274114,8911.675126903554,6173.0,-32.40602871472081,115.76027663756345,1.4108434572543147,35.0,2019.2994923857868,7.319796954314721,774.7166823109725
Serpentine,650652.8925619834,4.041322314049586,1.9256198347107438,3.0,19169.99173553719,199.11570247933884,1995.6741573033707,47676.03305785124,21907.438016528926,6125.0,-32.36783027107438,115.9795150892562,11.031940803487604,134.0,2015.3223140495868,6.68595041322314,136.48517975175284
Seville Grove,337000.0,3.783333333333333,1.8083333333333333,2.212962962962963,650.1666666666666,154.60833333333332,2000.5981308411215,23849.166666666668,2065.241666666667,6112.0,-32.13560568241667,115.98941308583333,0.9339733159575,139.0,2018.3166666666666,7.033333333333333,575.8070351549314
Shelley,958238.0769230769,3.723076923076923,1.9538461538461538,2.1311475409836067,715.6,199.73846153846154,1985.516129032258,9064.615384615385,3356.923076923077,6148.0,-32.030038944153844,115.88607808153846,1.4466268215723077,17.076923076923077,2016.8923076923077,7.076923076923077,1577.4081543831833
Shenton Park,1269592.303030303,3.393939393939394,1.8282828282828283,1.881720430107527,439.6161616161616,174.6060606060606,1957.3186813186812,4424.242424242424,692.2727272727273,6008.0,-31.96034315989899,115.8131234030303,1.0064229749565656,13.737373737373737,2017.2424242424242,6.595959595959596,3073.914939411294
Shoalwater,479005.28301886795,3.5,1.7924528301886793,2.227722772277228,731.5471698113207,167.56603773584905,1989.1386138613861,40562.264150943396,4630.188679245283,6169.0,-32.294904621132076,115.71268402735849,2.4506960838962266,136.0,2017.4905660377358,5.773584905660377,829.4758247843804
Sinagra,464718.83720930235,3.761627906976744,2.0,2.0843373493975905,1263.1162790697674,175.22093023255815,2007.861635220126,24183.13953488372,3647.093023255814,6065.0,-31.739792780000002,115.8052749639535,2.2540756320639534,131.0,2016.203488372093,6.203488372093023,941.924761719779
Singleton,456052.2375,3.86875,1.88125,2.121794871794872,759.9,191.875,1997.682119205298,55550.625,9366.875,6175.0,-32.443503310749996,115.75623424187499,2.8418413889625,57.2,2016.71875,6.2125,631.0292637882521
Sorrento,1031235.5769230769,3.855769230769231,2.0288461538461537,2.2903225806451615,1332.4615384615386,237.19230769230768,1987.142857142857,17011.53846153846,2969.230769230769,6020.0,-31.82759918423077,115.75485804807691,0.8746756194701923,23.5,2018.5192307692307,7.125,1397.0847733926976
South Fremantle,1092535.4747474748,3.242424242424242,1.7777777777777777,2.0652173913043477,593.7676767676768,170.15151515151516,1962.868131868132,16312.121212121212,2110.10101010101,6162.0,-32.0690446279798,115.75461281212121,1.329321670070707,121.61616161616162,2016.5151515151515,7.2727272727272725,2746.6623095645873
South Guildford,542880.2197802198,3.6758241758241756,1.8626373626373627,2.5697674418604652,663.2582417582418,174.1153846153846,1997.24375,12626.252747252747,1563.6923076923076,6055.0,-31.909188458846156,115.98308231483517,1.7341819874478022,52.0,2016.7912087912089,6.576923076923077,976.6618675338427
South Lake,439966.1644736842,3.664473684210526,1.6513157894736843,1.6879432624113475,681.3552631578947,150.6184210526316,1992.5328467153286,17367.105263157893,2672.3684210526317,6164.0,-32.10734331256579,115.84065641052632,0.8942841678085527,,2016.875,6.703947368421052,708.37923544628
South Perth,1204364.5833333333,3.2083333333333335,1.7291666666666667,2.1538461538461537,1201.5833333333333,203.97916666666666,1970.3541666666667,3441.6666666666665,3208.3333333333335,6151.0,-31.981301168541666,115.86893554166666,0.7487841041729166,37.0,2019.3333333333333,7.166666666666667,2193.1229667179873
Southern River,574922.3007518797,4.037593984962406,2.045112781954887,2.5039370078740157,609.4962406015038,223.0300751879699,2007.98347107438,18440.601503759397,5739.097744360903,6110.0,-32.099302943007515,115.94851646315789,1.2151652885406015,47.45112781954887,2018.4135338345864,6.7894736842105265,1035.5169799500231
Spearwood,501019.48051948054,3.5064935064935066,1.7532467532467533,2.1739130434782608,731.7272727272727,163.5974025974026,1991.4027777777778,18710.38961038961,6900.0,6163.0,-32.10789977766234,115.78448579480519,2.8797462626363637,,2018.8831168831168,6.558441558441558,919.40656489582
St James,552261.4942528736,3.2758620689655173,1.5057471264367817,2.259259259259259,712.2413793103449,139.91954022988506,1977.325,7162.068965517241,1417.551724137931,6102.0,-31.999919190804597,115.9096693137931,1.597474829854023,83.7,2017.6436781609195,6.931034482758621,1043.0176252559136
Stirling,829876.6413793104,3.8482758620689657,2.013793103448276,2.307142857142857,584.2413793103449,228.46206896551723,1999.5530303030303,8511.034482758621,1646.248275862069,6021.0,-31.88609132489655,115.81391712965518,1.3042157026765517,113.27586206896552,2018.510344827586,7.43448275862069,1644.8953019106534
Stoneville,601000.0,3.7985611510791366,1.7553956834532374,2.5039370078740157,9780.273381294965,185.9928057553957,1987.7586206896551,30909.35251798561,16274.100719424461,6081.0,-31.867769616187054,116.17012140503597,3.545990160971223,105.0,2015.0287769784172,6.489208633093525,161.10289241111488
Stratton,345232.593220339,3.5706214689265536,1.5480225988700564,1.8242424242424242,516.8926553672317,122.20338983050847,1994.5298507462687,19690.39548022599,4731.073446327684,6056.0,-31.86599738276836,116.04080020508475,2.3900215229604522,93.0,2015.8926553672316,6.638418079096045,677.61608005286
Subiaco,1271129.0615384616,3.1538461538461537,1.8,1.7627118644067796,543.8153846153846,186.73846153846154,1959.05,3492.3076923076924,582.0153846153846,6008.0,-31.94951915753846,115.82241056615385,1.290210191276923,5.2,2018.8153846153846,7.492307692307692,3492.664171591622
Success,530258.7719298246,3.9298245614035086,2.017543859649123,2.1904761904761907,582.4649122807018,198.50877192982455,2005.054347826087,21412.280701754386,2382.938596491228,6164.0,-32.1447019727193,115.84949914035089,1.4355923769649122,106.57894736842105,2018.798245614035,6.868421052631579,941.8441344803247
Swan View,435246.05154639174,3.5257731958762886,1.6185567010309279,2.1176470588235294,989.8453608247422,169.71134020618555,1984.5505617977528,19524.74226804124,4692.783505154639,6056.0,-31.884115193917527,116.04915889896907,1.0828577190824742,,2017.7628865979382,7.360824742268041,528.7636602668555
Swanbourne,1582618.08,3.752,2.12,2.1186440677966103,551.04,230.944,1984.6140350877192,8963.2,745.376,6010.0,-31.97753735472,115.76881017919999,0.7144955639744001,23.688,2016.328,6.624,3204.2982798838207
Tapping,488820.70707070705,3.9292929292929295,2.0202020202020203,2.1197916666666665,587.7676767676768,203.1161616161616,2006.0224719101125,26568.68686868687,4346.969696969697,6065.0,-31.719533590858585,115.79658686818182,2.3921117910959597,91.87878787878788,2018.510101010101,6.55050505050505,845.7610418136503
The Vines,663317.8125,4.00625,2.1375,2.6953642384105962,1755.375,250.35625,2002.554794520548,25579.5125,14889.43125,6069.0,-31.757267248625,116.00483277375,3.48464940061875,98.0,2018.40625,6.18125,668.0173417452459
Thornlie,405826.7326732673,3.613861386138614,1.693069306930693,2.086021505376344,695.059405940594,163.1089108910891,1987.2448979591836,15350.49504950495,2161.762376237624,6108.0,-32.06402368306931,115.95347602079207,1.2598657589831683,121.81818181818181,2018.920792079208,7.782178217821782,617.530189973765
Treeby,595000.0,4.0,2.0,2.0,400.5,229.0,2016.0,19550.0,1600.0,6164.0,-32.12702749,115.8751708,2.1506043815,129.0,2019.0,9.0,1490.0967151913005
Trigg,1220422.4852941176,3.610294117647059,1.911764705882353,2.171875,744.6985294117648,198.00735294117646,1980.0967741935483,12944.85294117647,4644.85294117647,6029.0,-31.873638183823527,115.75808495882353,1.0994484280022059,7.0,2016.1838235294117,6.485294117647059,2088.547756307878
Tuart Hill,533311.1111111111,3.066666666666667,1.511111111111111,1.8604651162790697,673.6666666666666,139.04444444444445,1989.2727272727273,6275.555555555556,2140.0,6060.0,-31.899382772444444,115.83574482888889,0.6746551834955555,65.0,2018.0666666666666,6.977777777777778,1363.9298737032136
Two Rocks,481004.1647058824,3.764705882352941,1.7529411764705882,2.371794871794872,3118.8,190.63529411764705,1994.7894736842106,56401.17647058824,18248.235294117647,6037.0,-31.49435357223529,115.60495738941177,7.757590292858824,,2017.870588235294,7.211764705882353,443.71115989335493
Upper Swan,638894.7631578947,3.973684210526316,1.868421052631579,3.1538461538461537,23501.947368421053,217.89473684210526,1977.9375,25897.36842105263,13810.526315789473,6069.0,-31.770003463157895,116.02893024736844,4.9469870212631575,63.6578947368421,2009.421052631579,6.105263157894737,183.84794279467442
Victoria Park,688490.9090909091,3.1818181818181817,1.6363636363636365,2.1538461538461537,438.1454545454545,140.5090909090909,1970.98,4476.363636363636,1035.3454545454545,6100.0,-31.976872279636364,115.89603104363636,0.6921006661489091,56.0,2018.4727272727273,6.836363636363636,1970.6608515028593
Viveash,474043.8829787234,3.478723404255319,1.648936170212766,1.941860465116279,1889.7978723404256,156.04255319148936,1990.6024096385543,15601.063829787234,1466.372340425532,6056.0,-31.878330428617023,115.9994066319149,0.5950746800340425,53.0,2012.3617021276596,5.98936170212766,749.4063429106262
Waikiki,380884.05797101447,3.6594202898550723,1.7536231884057971,2.088709677419355,640.9130434782609,166.06521739130434,1995.8962962962962,41640.57971014493,1765.7898550724638,6169.0,-32.3158458965942,115.75558910434783,0.9477055344471015,136.0,2019.0217391304348,6.8478260869565215,618.7628553425152
Walliston,502423.6111111111,3.5555555555555554,1.5972222222222223,2.2777777777777777,2533.9305555555557,172.79166666666666,1978.274193548387,20552.777777777777,10123.611111111111,6076.0,-31.99666987486111,116.07007939722222,1.7259600975277778,97.91428571428571,2009.388888888889,6.333333333333333,353.91981225906676
Wandi,554953.6082474227,3.6907216494845363,1.9690721649484537,2.4942528735632186,3752.6082474226805,190.11340206185568,2011.2,26706.18556701031,5351.546391752578,6167.0,-32.19172210639175,115.86332923814433,5.360438979206185,129.37113402061857,2016.5979381443299,6.65979381443299,1045.4121765788223
Wangara,1375000.0,2.0,1.0,2.0,1320.0,830.0,2014.0,17600.0,5600.0,6065.0,-31.79494028,115.8408721,1.856522945,75.0,2015.0,6.0,1041.6666666666667
Wanneroo,525354.5611510791,3.841726618705036,1.870503597122302,2.425196850393701,1343.3453237410072,180.76978417266187,1991.336,21997.122302158274,3367.6258992805756,6065.0,-31.759420187050363,115.8085082381295,1.2921937952093525,125.0,2018.8848920863309,6.143884892086331,674.3671140187524
Warnbro,381915.5779220779,3.7142857142857144,1.7857142857142858,2.148936170212766,817.0584415584416,163.1883116883117,1991.138888888889,44010.38961038961,1814.922077922078,6169.0,-32.337942415779224,115.75674814285715,0.9441692559435065,51.0,2018.7987012987012,7.240259740259741,501.0116525950304
Warwick,579425.776923077,3.646153846153846,1.6615384615384616,2.0344827586206895,762.2923076923076,167.2846153846154,1978.967213114754,13587.692307692309,1059.9846153846154,6024.0,-31.839212867769234,115.80467301923076,1.0490330926407692,86.0,2016.5076923076922,6.415384615384616,832.3656323496923
Waterford,1042488.2966101695,4.296610169491525,2.330508474576271,2.1333333333333333,696.5762711864406,272.97457627118644,1998.7745098039215,7535.593220338983,3087.2881355932204,6152.0,-32.01494801635593,115.88849382966103,0.5902536414915255,,2014.6949152542372,6.6525423728813555,1566.552780063855
Watermans Bay,1170766.6666666667,3.427350427350427,1.8717948717948718,2.0283018867924527,796.7179487179487,208.82051282051282,1988.945945945946,15039.31623931624,3920.5128205128203,6020.0,-31.849549893076926,115.75543731623932,1.979664696145299,46.282051282051285,2014.034188034188,6.632478632478633,1791.1467540668966
Wattle Grove,544569.3510638297,3.893617021276596,2.00531914893617,2.227777777777778,758.4255319148937,191.92021276595744,2006.8218390804598,13364.36170212766,5215.95744680851,6107.0,-32.00097264074468,115.98819810106383,3.2292974871329787,128.64615384615385,2017.3351063829787,6.877659574468085,969.7207551960172
Wattleup,709246.0,3.619047619047619,1.6666666666666667,2.1875,13208.952380952382,186.0,1982.0,24580.95238095238,6576.190476190476,6166.0,-32.16966836666667,115.81430111428571,5.074297437904762,81.66666666666667,2009.2857142857142,7.476190476190476,91.56696339024498
Wellard,454203.0,3.78021978021978,2.010989010989011,2.8488372093023258,3751.835164835165,191.57142857142858,2007.7411764705882,34848.35164835165,2018.5604395604396,6170.0,-32.26440485527473,115.8379081043956,1.5350875043978023,,2018.8241758241759,6.912087912087912,655.5634208910351
Welshpool,465000.0,4.0,2.0,,655.0,138.0,1970.0,7300.0,467.0,6106.0,-31.99353,115.91866,1.994881075,102.0,2012.0,8.0,709.9236641221374
Wembley,1093500.0,3.3333333333333335,1.7727272727272727,2.0701754385964914,621.4848484848485,181.04545454545453,1966.3728813559321,4666.666666666667,1624.2727272727273,6014.0,-31.93376670712121,115.81485042878788,1.3882614814151515,4.9,2019.1515151515152,7.2727272727272725,1978.6923204265768
Wembley Downs,1083927.5726495727,3.7264957264957266,2.1025641025641026,2.079646017699115,658.9230769230769,210.76923076923077,1988.117117117117,9029.91452991453,4300.854700854701,6019.0,-31.915599477692307,115.77375591538461,1.1111545397623932,12.336448598130842,2017.888888888889,7.273504273504273,1859.529058569456
West Leederville,1273288.4615384615,3.3076923076923075,1.8461538461538463,1.9861111111111112,416.96153846153845,183.57692307692307,1960.463768115942,2894.871794871795,504.3205128205128,6007.0,-31.9383235325641,115.83305572820514,0.8690174785897435,1.0,2017.7948717948718,6.782051282051282,3251.933303488748
West Perth,681065.2173913043,2.391304347826087,1.4782608695652173,1.4210526315789473,850.2608695652174,114.78260869565217,1979.5217391304348,1613.0434782608695,732.1304347826087,6005.0,-31.943601007391305,115.8476383826087,1.149771631395652,43.0,2018.695652173913,7.173913043478261,2073.9545669797844
West Swan,773535.7142857143,4.0476190476190474,1.880952380952381,3.2,14329.309523809523,240.66666666666666,1981.942857142857,16795.238095238095,4742.857142857143,6055.0,-31.849480539761906,115.98910287380953,2.681732035190476,92.04761904761905,2008.1904761904761,5.9523809523809526,137.05628110418712
Westminster,367070.0,3.12,1.56,2.2045454545454546,659.86,128.22,1991.6938775510205,9632.0,4396.0,6061.0,-31.8675357842,115.83933635,1.6714122803200002,77.85714285714286,2018.14,6.38,855.4017648569497
Whitby,437500.0,3.75,2.0,2.0,483.0,187.75,2016.0,38925.0,14300.0,6123.0,-32.281892705000004,115.997275625,1.473428104,,2017.0,4.0,909.0754357298475
White Gum Valley,754035.3434343435,3.414141414141414,1.6767676767676767,2.380434782608696,611.4646464646464,158.68686868686868,1976.7252747252746,14716.161616161617,2536.3636363636365,6162.0,-32.06064038393939,115.76982985555554,0.9617544938646465,124.8080808080808,2016.6262626262626,7.747474747474747,1533.9581028257187
Willagee,578239.4736842106,3.294736842105263,1.6421052631578947,2.022727272727273,598.5578947368421,157.6,1984.7011494252874,12249.473684210527,4570.526315789473,6156.0,-32.05169036894737,115.8037836705263,0.8401989599610526,61.0,2018.2526315789473,6.11578947368421,1044.2122927239946
Willetton,708481.7704918033,3.6721311475409837,1.7049180327868851,2.1914893617021276,736.7868852459017,173.21311475409837,1982.135593220339,11788.524590163934,3429.5081967213114,6155.0,-32.054828200491805,115.8886589032787,0.8941520079508197,19.735294117647058,2019.344262295082,7.032786885245901,972.3668956961994
Wilson,576334.0,3.4155844155844157,1.7142857142857142,1.9682539682539681,686.8701298701299,156.7922077922078,1987.4507042253522,9050.64935064935,2958.4415584415583,6107.0,-32.01971194220779,115.91191811558443,1.6008066692194807,114.0,2017.4415584415585,7.0519480519480515,1037.9188472267085
Winthrop,921266.7228915662,4.265060240963855,2.1927710843373496,2.2051282051282053,746.6385542168674,246.85542168674698,1990.164383561644,11554.216867469879,2654.2168674698796,6150.0,-32.05211655915662,115.82629651084338,1.4135464873192771,41.68292682926829,2016.4698795180723,6.301204819277109,1244.4330548657863
Woodbridge,600547.6134453781,3.2521008403361344,1.6554621848739495,2.045045045045045,712.0252100840336,174.81512605042016,1972.5463917525774,14546.218487394957,349.1344537815126,6056.0,-31.891821748067226,115.99490235882352,0.6303499924915966,130.0,2012.9831932773109,6.453781512605042,1221.9114669198013
Woodlands,1094152.505263158,3.6736842105263157,1.9789473684210526,2.425287356321839,672.7789473684211,221.41052631578947,1986.904255319149,8103.1578947368425,2085.2631578947367,6018.0,-31.907685543157893,115.79124589263158,0.8863035422631579,13.272727272727273,2016.8315789473684,6.2631578947368425,1868.6689772702987
Woodvale,645354.9292929292,3.909090909090909,1.9696969696969697,2.1379310344827585,676.070707070707,205.97979797979798,1992.9239130434783,19164.646464646463,1395.080808080808,6026.0,-31.789710964141417,115.79210375959596,1.081357369611111,78.70526315789473,2018.4949494949494,7.171717171717172,984.3043856480874
Wooroloo,435352.9411764706,3.843137254901961,1.6274509803921569,2.725,25639.333333333332,173.11764705882354,1976.8,45864.705882352944,30943.13725490196,6558.0,-31.80103716803922,116.31103903137254,11.839892371745098,105.0,2011.2156862745098,7.235294117647059,90.29997237648878
Wungong,664118.5,4.55,2.0,3.2857142857142856,13453.0,240.65,1979.7222222222222,29425.0,3140.0,6112.0,-32.1816207745,116.014040245,2.2825532378999998,,2010.65,6.9,52.0337596830968
Yanchep,398192.3728813559,3.7033898305084745,1.9152542372881356,2.1333333333333333,583.1186440677966,181.4406779661017,2007.9117647058824,49919.49152542373,11678.813559322034,6035.0,-31.544937896355933,115.63833324661016,1.5427125528779662,,2019.1949152542372,7.127118644067797,786.0009850054286
Yangebup,473640.1515151515,3.643939393939394,1.628787878787879,1.84,662.7954545454545,161.71212121212122,1994.0438596491229,19523.484848484848,4505.30303030303,6164.0,-32.122681335833335,115.81097698560606,1.5042915923045455,,2018.2575757575758,6.8106060606060606,761.9629191077953
Yokine,625320.4629629629,3.240740740740741,1.6111111111111112,1.9591836734693877,546.7037037037037,163.94444444444446,1994.5882352941176,6005.555555555556,3353.703703703704,6060.0,-31.899036648703706,115.85037764259259,1.1749398930592594,32.0,2019.1851851851852,7.018518518518518,1508.8354975134223
